keyword,title,date,url,content
中国 台湾,外交部：敦促美方慎之又慎处理台湾问题，停止美台官方往来,2025-12-03 15:35:52,http://world.people.com.cn/n1/2025/1203/c1002-40616725.html,新华社北京12月3日电（记者温馨、邵艺博）外交部发言人林剑3日在例行记者会上回答有关提问时表示，中方坚决反对美国同中国台湾地区开展任何形式的官方往来，这一立场是一贯的、明确的。台湾问题是中国核心利益中的核心，是中美关系第一条不可逾越的红线。一个中国原则是中美关系的政治基础。中方敦促美方切实恪守一个中国原则和中美三个联合公报，慎之又慎处理台湾问题，停止美台官方往来，不向“台独”分裂势力发出任何错误信号。
中国 台湾,国台办：“以武谋独”、铤而走险，只会自掘坟墓！,2025-12-03 15:40:03,http://tw.people.com.cn/n1/2025/1203/c14657-40616727.html,新华社北京12月3日电（记者许晓静、李寒芳）国务院台办发言人张晗3日在例行新闻发布会上表示，“台独”意味着战争。希望广大台湾同胞认清赖清德“台独引战”的极端危险性、危害性，坚决反对“台独”分裂和外来干涉，同我们一道推动两岸关系重回和平发展正轨，切实维护台海和平稳定和自身安全福祉。正告赖清德及民进党当局，不要玩火，玩火者必自焚；“以武谋独”、铤而走险，只会自掘坟墓！ 　　近日，赖清德在美媒投书宣称要投入1.25万亿元新台币作为“防务特别预算”，宣扬强化所谓不对称作战能力。张晗应询作上述回应。 　　她表示，赖清德为谋取政治私利，无原则媚外、无底线卖台，穷兵黩武、“备战谋独”，大肆挥霍台湾老百姓的血汗钱，不惜把台湾变成“火药桶”，裹挟民众充当“台独”炮灰，将广大台胞推入兵凶战危的险境，是不折不扣的“和平破坏者”、彻头彻尾的“战争贩卖者”、名副其实的“麻烦制造者”。 　　张晗答问时还指出，民进党当局为一党私利，将本可以用来改善民生、发展经济的钱浪费在讨好外部势力上，买武器不仅买不来“安全”，反而加速把台湾推入险境。正告民进党当局，奴颜婢膝、穷兵黩武是绝路一条。 　　她强调，我们坚决反对美国与中国台湾地区开展任何形式的军事联系。美方应切实恪守一个中国原则和中美三个联合公报规定，慎重妥善处理涉台问题，停止向“台独”分裂势力发出任何错误信号。 　　台媒报道，岛内民众走上街头，表达反对战争、要求和平、反对民进党当局掏空台湾讨好美国、反对提高防务预算等诉求。张晗就此表示，民进党当局为谋取“台独”私利，加紧“以武谋独”“倚外谋独”，遭到越来越多台湾民众的反对。赖清德当局一意孤行，下场注定可悲。 　　近日，福建海警在金门附近海域依法开展常态执法巡查。张晗答问表示，两岸同属一个中国，台湾是中国的一部分。海警部门开展常态化执法巡查行动，既是依法维护相关海域正常航行和作业秩序的正当之举，也是保障两岸渔民生命财产安全的必要之举。 　　她指出，民进党当局顽固坚持“台独”立场，迄今仍不断采取危险粗暴手段对待大陆渔船民，威胁大陆渔船民生命财产安全，是破坏台海和平稳定、损害两岸同胞利益福祉的祸乱根源。民进党当局应立即停止干扰和破坏大陆渔民正常作业，停止挑起事端和制造麻烦。
中国 台湾,外交部：敦促美方慎之又慎处理台湾问题,2025-12-03 21:56:16,http://world.people.com.cn/n1/2025/1203/c1002-40616822.html,新华社北京12月3日电（记者温馨、邵艺博）针对美国总统特朗普近期签署一项法律要求美国国务院定期评估美台关系并寻找深化该关系的措施，外交部发言人林剑3日在例行记者会上表示，中方坚决反对美国同中国台湾地区开展任何形式的官方往来，敦促美方慎之又慎处理台湾问题，不向“台独”分裂势力发出任何错误信号。 　　“中方坚决反对美国同中国台湾地区开展任何形式的官方往来，这一立场是一贯的、明确的。”林剑说。 　　“台湾问题是中国核心利益中的核心，是中美关系第一条不可逾越的红线。一个中国原则是中美关系的政治基础。”他说，美国政府在中美建交公报中明确承诺，“美利坚合众国承认中华人民共和国政府是中国的唯一合法政府。在此范围内，美国人民将同台湾人民保持文化、商务和其他非官方关系”。“中方敦促美方切实恪守一个中国原则和中美三个联合公报，慎之又慎处理台湾问题，停止美台官方往来，不向‘台独’分裂势力发出任何错误信号。”
中国 台湾,敦促美方慎之又慎处理台湾问题,2025-12-04 05:35:52,http://world.people.com.cn/n1/2025/1204/c1002-40616833.html,新华社北京12月3日电（记者温馨、邵艺博）针对美国总统特朗普近期签署一项法律要求美国国务院定期评估美台关系并寻找深化该关系的措施，外交部发言人林剑3日在例行记者会上表示，中方坚决反对美国同中国台湾地区开展任何形式的官方往来，敦促美方慎之又慎处理台湾问题，不向“台独”分裂势力发出任何错误信号。 　　“中方坚决反对美国同中国台湾地区开展任何形式的官方往来，这一立场是一贯的、明确的。”林剑说。 　　“台湾问题是中国核心利益中的核心，是中美关系第一条不可逾越的红线。一个中国原则是中美关系的政治基础。”他说，美国政府在中美建交公报中明确承诺，“美利坚合众国承认中华人民共和国政府是中国的唯一合法政府。在此范围内，美国人民将同台湾人民保持文化、商务和其他非官方关系”。“中方敦促美方切实恪守一个中国原则和中美三个联合公报，慎之又慎处理台湾问题，停止美台官方往来，不向‘台独’分裂势力发出任何错误信号。”
中国 台湾,“两岸暨港澳·东南亚华文媒体广州行”启动,2025-12-04 08:40:38,http://gba.people.cn/n1/2025/1204/c42272-40617115.html,本报广州12月3日电（记者王平）以“湾区新质 羊城新彩”为主题的“2025年两岸暨港澳·东南亚华文媒体广州行”活动2日在广州启动。 　　为期3天的活动中，来自两岸暨港澳、东南亚地区的40余名媒体记者和自媒体人将走进广州科技创意园区、现代化产业高地、著名历史地标与多元文化融合阵地，展开沉浸式的城市主题之旅，感受广州的独特魅力和发展活力。 　　海峡两岸关系协会副会长马晓光致辞表示，广州是两岸交流合作的枢纽之一，希望媒体朋友在广州感受岭南文化的底蕴，看看新质生产力的发展势头，体验两岸融合发展的氛围，用镜头记录湾区发展脉动，用文字传递两岸融合温度，让更多台湾同胞通过广州看到大陆的发展机遇。 　　广州市台办主任曾卫东说，本次活动旨在以广州为窗口讲好中国故事。诚邀各位媒体朋友切实感受广州厚重的历史文化积淀和多彩的岭南文化魅力，了解广州深化改革开放、推进科技创新、优化营商环境，特别是完善惠台政策体系、服务台胞创新创业等方面的新气象、新风貌。 　　启动仪式上，穗台交流原创歌曲《心手相牵》发布，系列微纪录片《双城逗阵浪》也同步上线。《心手相牵》是由广州市台办制作的原创歌曲，唱响两岸同胞携手同心的深情厚谊。《双城逗阵浪》是广州市台办联合两岸媒体、岛内高校共同制作的系列微纪录片，以广州和台湾的美食、体育活动、文化现象为联结点，展现穗台文化交流与融合发展成果。 　　本次活动由国务院台湾事务办公室新闻局和广东省人民政府台湾事务办公室指导，广州市人民政府台湾事务办公室主办，中国台湾网承办。
中国 台湾,外交部：敦促美方慎之又慎处理台湾问题,2025-12-04 08:48:48,http://usa.people.com.cn/n1/2025/1204/c241376-40617177.html,新华社北京12月3日电（记者温馨、邵艺博）针对美国总统特朗普近期签署一项法律要求美国国务院定期评估美台关系并寻找深化该关系的措施，外交部发言人林剑3日在例行记者会上表示，中方坚决反对美国同中国台湾地区开展任何形式的官方往来，敦促美方慎之又慎处理台湾问题，不向“台独”分裂势力发出任何错误信号。 “中方坚决反对美国同中国台湾地区开展任何形式的官方往来，这一立场是一贯的、明确的。”林剑说。 “台湾问题是中国核心利益中的核心，是中美关系第一条不可逾越的红线。一个中国原则是中美关系的政治基础。”他说，美国政府在中美建交公报中明确承诺，“美利坚合众国承认中华人民共和国政府是中国的唯一合法政府。在此范围内，美国人民将同台湾人民保持文化、商务和其他非官方关系”。“中方敦促美方切实恪守一个中国原则和中美三个联合公报，慎之又慎处理台湾问题，停止美台官方往来，不向‘台独’分裂势力发出任何错误信号。”
中国 台湾,“两岸暨港澳·东南亚华文媒体广州行”启动,2025-12-04 09:26:13,http://gd.people.com.cn/n2/2025/1204/c123932-41431855.html,本报广州12月3日电（记者王平）以“湾区新质 羊城新彩”为主题的“2025年两岸暨港澳·东南亚华文媒体广州行”活动2日在广州启动。 为期3天的活动中，来自两岸暨港澳、东南亚地区的40余名媒体记者和自媒体人将走进广州科技创意园区、现代化产业高地、著名历史地标与多元文化融合阵地，展开沉浸式的城市主题之旅，感受广州的独特魅力和发展活力。 海峡两岸关系协会副会长马晓光致辞表示，广州是两岸交流合作的枢纽之一，希望媒体朋友在广州感受岭南文化的底蕴，看看新质生产力的发展势头，体验两岸融合发展的氛围，用镜头记录湾区发展脉动，用文字传递两岸融合温度，让更多台湾同胞通过广州看到大陆的发展机遇。 广州市台办主任曾卫东说，本次活动旨在以广州为窗口讲好中国故事。诚邀各位媒体朋友切实感受广州厚重的历史文化积淀和多彩的岭南文化魅力，了解广州深化改革开放、推进科技创新、优化营商环境，特别是完善惠台政策体系、服务台胞创新创业等方面的新气象、新风貌。 启动仪式上，穗台交流原创歌曲《心手相牵》发布，系列微纪录片《双城逗阵浪》也同步上线。《心手相牵》是由广州市台办制作的原创歌曲，唱响两岸同胞携手同心的深情厚谊。《双城逗阵浪》是广州市台办联合两岸媒体、岛内高校共同制作的系列微纪录片，以广州和台湾的美食、体育活动、文化现象为联结点，展现穗台文化交流与融合发展成果。 本次活动由国务院台湾事务办公室新闻局和广东省人民政府台湾事务办公室指导，广州市人民政府台湾事务办公室主办，中国台湾网承办。
中国 台湾,外交部：敦促美方慎之又慎处理台湾问题,2025-12-04 10:22:03,http://tw.people.com.cn/n1/2025/1204/c14657-40617367.html,新华社北京12月3日电（记者温馨、邵艺博）针对美国总统特朗普近期签署一项法律要求美国国务院定期评估美台关系并寻找深化该关系的措施，外交部发言人林剑3日在例行记者会上表示，中方坚决反对美国同中国台湾地区开展任何形式的官方往来，敦促美方慎之又慎处理台湾问题，不向“台独”分裂势力发出任何错误信号。 “中方坚决反对美国同中国台湾地区开展任何形式的官方往来，这一立场是一贯的、明确的。”林剑说。 “台湾问题是中国核心利益中的核心，是中美关系第一条不可逾越的红线。一个中国原则是中美关系的政治基础。”他说，美国政府在中美建交公报中明确承诺，“美利坚合众国承认中华人民共和国政府是中国的唯一合法政府。在此范围内，美国人民将同台湾人民保持文化、商务和其他非官方关系”。“中方敦促美方切实恪守一个中国原则和中美三个联合公报，慎之又慎处理台湾问题，停止美台官方往来，不向‘台独’分裂势力发出任何错误信号。”
中国 台湾,敦促美方慎之又慎处理台湾问题,2025-12-04 10:34:05,http://sc.people.com.cn/n2/2025/1204/c345167-41432047.html,新华社北京12月3日电（记者温馨、邵艺博）针对美国总统特朗普近期签署一项法律要求美国国务院定期评估美台关系并寻找深化该关系的措施，外交部发言人林剑3日在例行记者会上表示，中方坚决反对美国同中国台湾地区开展任何形式的官方往来，敦促美方慎之又慎处理台湾问题，不向“台独”分裂势力发出任何错误信号。 　　“中方坚决反对美国同中国台湾地区开展任何形式的官方往来，这一立场是一贯的、明确的。”林剑说。 　　“台湾问题是中国核心利益中的核心，是中美关系第一条不可逾越的红线。一个中国原则是中美关系的政治基础。”他说，美国政府在中美建交公报中明确承诺，“美利坚合众国承认中华人民共和国政府是中国的唯一合法政府。在此范围内，美国人民将同台湾人民保持文化、商务和其他非官方关系”。“中方敦促美方切实恪守一个中国原则和中美三个联合公报，慎之又慎处理台湾问题，停止美台官方往来，不向‘台独’分裂势力发出任何错误信号。”
中国 台湾,日错误言论引发国际国内谴责,2025-11-28 08:47:42,http://military.people.com.cn/n1/2025/1128/c1011-40613401.html,近段时间以来，日本首相高市早苗发表的一系列涉台错误言论，引发国际社会广泛批评。多国政要、学者、媒体及日本国内有识之士纷纷发声，从历史事实、地区安全、国际秩序等多个维度，批驳相关言论。各方普遍认为，这些错误言论挑衅国际正义、破坏战后国际秩序、践踏国际关系基本准则，相关危害深重。 针对日本相关言论，多国媒体和学者从国际法角度予以驳斥。国际舆论认为，相关言论是对历史事实和国际共识的公然违背。《开罗宣言》《波茨坦公告》《日本投降条款》等一系列具有国际法律效力的文件，均清晰确认了中国对台湾的主权。这些法律文件是世界反法西斯战争的重要成果，更是战后国际秩序的法律基石。 英国亚太问题研究学者珍妮·克莱格在接受媒体采访时表示，《开罗宣言》等文件是构建战后和平秩序的重要基础。联大第2758号决议已明确，中华人民共和国政府是代表全中国的唯一合法政府。“谁无视这些历史，谁就是在损害国际社会维护世界和平秩序的努力。”克莱格直言，高市早苗的错误言论并非偶然，与其长期频繁参拜靖国神社、加速日本军事化进程等动作密切相关。日本始终未能真正反省战争中的反人类罪行，至今仍在予以否认。 俄罗斯外交部发言人扎哈罗娃直接点名高市早苗，称她的涉台言论“非常危险”。扎哈罗娃强调：“一些国家一边高调宣称其坚持一个中国原则，一边又厚颜无耻地不断加剧台海紧张局势，阻碍中国和平统一。” 意大利法学家法比奥·马尔切利告诉媒体，高市早苗的错误言论正在威胁以国家间和平共处为基础的《联合国宪章》体系，既违反国际法，也背离包括日本民众在内的所有人对和平的共同愿望。 塞内加尔官方媒体《太阳报》刊文称，高市早苗的错误言论无视国际法，带有严重挑衅意味，与历史事实和国际共识背道而驰。 日本相关言论被普遍视为对地区和平稳定的直接威胁，多国对此反应强烈。 泰国前副总理披尼在接受媒体采访时表示，高市早苗的言论“威胁亚洲和平，是对世界和平的巨大挑战”，要求日本撤回相关表述。马来西亚泰莱大学国际关系专家朱莉娅·罗克尼法德表示，日本应集中力量解决自身社会经济问题，而非成为东亚地区动荡的因素。委内瑞拉国民议会议员桑斯批评高市早苗的言论“极具挑衅性”，是在制造紧张局势。阿根廷地缘政治研究所所长鲁文·古泽蒂援引联大第2758号决议，强调“世界上只有一个中国，台湾是中国的一部分”，呼吁日本领导人保持理性，避免地区局势失控。 朝鲜媒体朝中社发文批评日本“撕下‘和平国家的面具’”，称其提高防卫费、提前修订国家安全战略等言论，暴露了“战争国家的丑恶嘴脸”。韩国民间团体在日本驻韩大使馆外举行集会，谴责高市早苗的言论“对东亚和平构成威胁”。展望东亚局势，韩国韩中城市友好协会会长权起植认为，高市早苗的言论进一步挑动局势，“成为让东亚更紧张的因素”。他强调，如今的东亚已非80年前可比，呼吁日本正视现实、摒弃不切实际的妄想，“建设和平的东亚、和平的日本，让民众过好日子，才是日本真正的出路”。 相关言论也在日本国内招致批评。日本《朝日新闻》称，高市早苗的观点比历届日本内阁的官方立场都要“越线”。《冲绳时报》发表社论称，高市早苗涉台言论会危及日本自身安全。日本前首相石破茂在演讲中强调中日两国构建稳定关系的重要性。他表示，自1972年中日邦交正常化以来，历届日本政府一直理解并尊重中方关于台湾是中国一部分的立场，“这是不能改变的事情”。 国际观察人士认为，高市早苗的言论实质是为日本军事扩张制造借口，背后折射出部分日本政客突破和平宪法约束、推动军事扩张的企图，引发国际社会对日本战略走向的高度警惕。 日本《社会新报》发表社论称，高市早苗的政策意图逐渐明朗，她漠视民生，全力推动军事扩张。其施政演说中，充斥着提前完成防卫费增额目标、设立“国家情报局”、放宽武器出口规则等鹰派政策，这无疑是蓄意推升地区紧张局势。社论还提到，高市早苗当选首相以来执政基础并不稳固，日本自民党与日本维新会组成的执政联盟，在国会参众两院的议席数均未过半。她本应收敛锋芒、倾听在野党意见，却选择通过彰显右翼立场巩固自身基本盘。 法国《世界报》发表文章称，“高市早苗就任日本首相不足一月，便引发对华紧张局势升级的事态”。文章认为，日本右翼正通过强调日本列岛面临的危险来煽动国民不安情绪，试图以此使军备扩张正当化。 俄罗斯媒体普遍认为，高市早苗内阁的鹰派政策，本质上是日本试图摆脱战后体制束缚、谋求军事大国地位的集中体现。日本试图通过介入台湾问题、升级军事力量等方式提升地区影响力，却显然忽视了历史教训和地区国家的核心利益。 国际社会的主流观点充分表明，尊重国家主权和领土完整、遵守二战后形成的国际秩序、坚持和平发展道路，是不可逆转的时代潮流。日本新政府的政策显然与这一潮流背道而驰，不仅损害日本自身利益，也给地区和平稳定带来严重威胁。日本唯有及时纠正错误，回到中日四个政治文件的框架下，才能避免陷入外交孤立，推动双边关系重回正轨。
中国 台湾,聚焦托育服务高质量发展 共筑中国—东盟幼教命运共同体,2025-12-01 14:11:42,http://gz.people.com.cn/n2/2025/1201/c358160-41428452.html,11月29日，2025中国—东盟幼儿教师发展中心年会暨托育服务高质量发展大会在福建泉州圆满举行。 本次年会由中国—东盟教育交流周组委会秘书处指导，中国—东盟幼儿教师发展中心（贵阳幼儿师范高等专科学校）以及福建分中心（泉州幼儿师范高等专科学校）共同承办。原教育部国际司巡视员、中国—东盟教育交流周组委会执行秘书长刘宝利，贵州省教育厅党组成员、副厅长、中国—东盟教育交流周组委会副秘书长白震，福建省教育厅二级巡视员王越忠，中国—东盟教育交流周组委会秘书处办公室主任陈文益出席会议。 中心发起方代表、贵阳幼儿师范高等专科学校党委副书记、校长任洁，重庆分中心代表、重庆幼儿师范高等专科学校党委书记马文华，福建分中心代表、泉州幼儿师范高等专科学校党委副书记、校长庄一民，浙江分中心代表、宁波幼儿师范高等专科学校党委委员、副校长闫艳，柬埔寨分中心代表、柬埔寨学前教师培训中心主任帕斯·金姆力，新加坡分中心代表、新加坡南洋管理学院教育学院院长Fanny Chan参加会议。 开幕式上，嘉宾齐聚。32所国内兄弟院校，闽西南学前教育联盟、泉州市幼教集团等行业、企业单位代表线下参会，马来西亚、印尼等东盟国家文化交流中心代表及新加坡、老挝、越南等25所国外院校的领导专家线上参会，共谋幼教合作发展新篇章。 白震副厅长在致辞中强调，贵州省始终把中国—东盟教育交流周作为对外交流合作的重要平台，将持续支持幼教领域跨国合作，中国—东盟教育交流周秘书处将愿意继续支持中国-东盟幼儿教师发展中心建设，在共同举办项目活动、推动交流周平台成立的联盟（中心）与幼教中心开展交流合作等方面进一步加强对接和联络。 王越忠在致辞中立足福建“海丝核心区”定位，提出将通过探索教师资格互认、搭建数字资源共享平台等务实举措，为中国—东盟幼教合作贡献“福建力量”。 会上，多项务实合作成果集中落地。在刘宝利、白震的共同见证下，陈文益、任洁、庄一民、帕斯·金姆力共同签署了四方协议，正式启动泉幼（柬埔寨）海丝学院共建项目。泉州幼专与新加坡金日教育产业集团举行了海外就业人才培养基地授牌仪式。同时，还进行了会旗交接，会旗移交至下一届年会举办单位浙江分中心宁波幼专，充分彰显了各分中心协作传承的深厚底蕴及交流周品牌的辐射带动效应。 会议期间，中国—东盟幼儿教师发展中心各成员单位代表齐聚圆桌会议，共商中心未来发展规划。刘宝利充分肯定了贵阳幼专牵头建立的中国—东盟幼儿教师发展中心，这是该领域国家级唯一平台的突破性成果。他充分认可各分中心在学术会议、学分互认、课程创新等方面的成效，并提出了有关发展建议。 圆桌会上，任洁代表中心作2025年度工作报告，系统梳理中心年度成果，主要聚焦四大核心成效：一是服务国家战略，构建开放包容的区域合作体系，推动“一带一路”教育行动走深走实；二是践行职教改革，打造“中文+职业技能”融合育人模式，助力职业教育高质量“走出去”；三是强化师资建设，构建多层次教师发展体系；四是深化制度创新，筑牢规范化国际合作框架，提升教育治理现代化水平。展望未来，任洁提出“五共”促发展：一是共筑跨境互认的质量标准体系，二是共建全球可达的数字资源平台，三是共育全球视野的卓越师资队伍，四是共促文明交融的人文交流机制，五是共创长效共赢的合作保障体系。她强调，各成员单位需秉持“共商、共建、共享”原则，让教育合作成为中国—东盟民心相通的重要纽带。 各分中心代表分别总结回顾了一年来的工作。马文华介绍了重庆分中心中老“中文+技能”职教合作进展；庄一民介绍了福建分中心泉州幼专的办学特色和依托海丝核心区优势与东盟多国开展幼教合作的阶段性成果，分享了泉幼“海丝学院”品牌建设及托育服务产教融合联盟成效；闫艳聚焦浙江分中心开展的早期STEM教育国际研讨与课程标准输出成果；Fanny Chan回顾了新加坡分中心与各分中心的合作历程，期盼深化经验互鉴；帕斯·金姆力在交流中特别表达了对中心的深切感激与高度认可，并感谢贵阳幼专十年来毫无保留的支持与真诚协作，有力促进柬埔寨学前教育质量稳步提升，教师队伍不断壮大。 本次大会紧扣“托育服务高质量发展”主题，邀请了来自海内外的学前教育领域的专家学者齐聚一堂、畅抒灼见，围绕托育服务高质量发展共商良策，碰撞出思想火花。 北京师范大学洪秀敏教授结合国家社科基金重大项目，从政策层面解析托育服务高质量发展的核心要求与落地路径，为区域合作提供坚实理论支撑；中国台湾幼儿教育专家黄世钰教授从全球视角切入，探讨托育师资培育的国际化标准；新加坡分中心代表、南洋管理学院Fanny Chan院长分享的新加坡托育服务模式，成为国际经验交流的重要参考。同时，泉州幼专向参会嘉宾分享了学校办学发展经验，各方围绕“理实一体化教学”与师生深入交流，参观了学校校史馆、成果馆、产教融合实训基地的建设等。 本次大会，不仅为中国—东盟幼教合作注入新动能，更成为贵阳幼专承前启后、擘画未来发展蓝图的重要契机。希望进一步凝聚共识，持续深化与东盟国家的教育合作，让“职教出海”的脚步更稳、“文化互鉴”的纽带更牢，让贵州的幼教经验在全球舞台上绽放光彩，为构建中国—东盟幼教命运共同体、推动职业教育高质量发展持续贡献“幼专力量”。（文/张阳 图/贵阳幼儿师范高等专科学校）
中国 台湾,多国政府和国际人士重申坚定奉行一个中国原则,2025-12-02 08:15:39,http://cpc.people.com.cn/n1/2025/1202/c64387-40615407.html,一个中国原则是国际社会普遍共识和国际关系基本准则。全世界183个国家同中国建交的事实充分证明，坚持一个中国原则是国际大义、人心所向、大势所趋。连日来，多国政府和国际人士纷纷重申，坚定奉行一个中国原则，台湾问题纯属中国内政，反对任何干涉中国内政行为。 　　巴基斯坦外交部发言人安德拉比11月28日表示，巴中友谊和全天候战略合作伙伴关系历经时间考验，根基深厚。巴方坚定奉行一个中国原则，明确承认中华人民共和国政府是代表全中国的唯一合法政府，台湾是中国领土不可分割的一部分。巴方反对任何制造“两个中国”或“一中一台”的企图。巴方上述立场坚定不移、始终如一。 　　老挝外交部11月28日表示，老挝坚定支持联合国大会第2758号决议，坚定奉行一个中国原则，承认台湾是中华人民共和国领土不可分割的一部分，反对任何干涉中国内政的行为。 　　越南外交部发言人范秋姮11月27日表示，越南坚定奉行一个中国原则，台湾是中国领土不可分割的一部分，维护台海和平稳定对地区和世界具有重要作用，希望有关各方为促进地区和世界的和平、稳定与发展作出积极贡献。 　　法国总统外事顾问博纳11月27日表示，法方坚持独立自主外交传统，坚定不移奉行一个中国政策，理解中方在台湾问题上的正当立场。期待同中方增进相互信任，加强对话协作，共同应对全球治理及经济失衡等挑战。 　　柬埔寨外交与国际合作部发言人11月26日发表声明说：“柬埔寨坚定奉行一个中国政策，承认中华人民共和国政府是代表全中国的唯一合法政府，台湾是中国领土不可分割的一部分。”声明还说，台湾问题是中国内政，柬埔寨支持中国实现国家统一的努力，反对任何形式的“台独”。 　　哥伦比亚外交部11月26日发表声明，重申支持一个中国原则。声明指出，过去45年来，哥伦比亚始终恪守一个中国原则，历届政府一贯坚持这一原则，承认世界上只有一个中国，台湾是中国领土不可分割的一部分，中华人民共和国政府是代表全中国的唯一合法政府。哥伦比亚重申恪守一个中国原则，并对与中华人民共和国持续加强战略伙伴关系、实现两国人民互利共赢表示满意。 　　汤加国王图普六世11月25日表示，汤加高度重视对华关系，坚定恪守一个中国原则，坚决反对任何形式的“台湾独立”，坚定支持中国政府实现国家统一。中汤两国26日发表的联合声明指出，汤方重申恪守一个中国原则，承认世界上只有一个中国，台湾是中国领土不可分割的一部分，中华人民共和国政府是代表全中国的唯一合法政府，坚决反对任何形式的“台湾独立”，坚定支持中国政府实现国家统一，认为联合国大会第2758号决议的权威性不容质疑和挑战。 　　缅甸国防与安全委员会新闻发布组组长佐敏吞11月21日表示，缅甸政府坚持一个中国政策。缅中两国是友好邻邦，正携手共建全面战略合作伙伴关系，致力于构建命运共同体。缅甸政府高度重视并珍视这一关系。缅甸始终遵循和平共处五项原则，尊重中国主权和领土完整，并将一如既往支持中方维护国家统一的努力。 　　南非总统拉马福萨11月21日表示，南非坚定不移奉行一个中国政策，重申台湾是中国领土不可分割的一部分，将同中方继续在涉及彼此核心利益的问题上相互支持。 　　11月20日，俄罗斯外交部发言人扎哈罗娃表示，俄方强烈谴责一些国家在台湾问题上的虚伪立场。她重申，台湾是中国不可分割的一部分，俄方反对以任何形式谋求“台独”。台湾问题是中国内政，中方完全有正当理由捍卫主权和领土完整。她还表示，作为中方的真正朋友和可靠伙伴，俄方愿继续与中方在包括台湾问题在内的主权和领土完整问题上坚定相互支持。 　　11月14日，土耳其驻华大使于纳尔表示，土耳其高度重视发展同中国的关系，坚定奉行一个中国原则，愿同中方一道，以两国建交55周年为契机，推动土中关系取得更大发展。 　　11月12日，西班牙国王费利佩六世表示，西班牙政府坚定不移奉行一个中国政策，支持维护国家领土完整，愿同中方推动两国全面战略伙伴关系不断向前发展，为两国人民带来更多福祉，为世界和平稳定作出更大贡献。 　　11月11日，乌干达外交部发表声明，重申乌干达政府恪守一个中国原则的坚定立场。声明表示，乌干达重申坚定奉行一个中国原则，这一原则构成乌中双边关系基石。乌方承认中华人民共和国政府是代表全中国的唯一合法政府，台湾是中国不可分割的一部分。乌方坚决反对任何炮制“两个中国”“一中一台”的图谋，反对任何形式的“台湾独立”。反对台湾加入任何只有主权国家才能参加的国际和地区组织。乌方坚决不同台湾发生任何“官方或外交”关系。乌方支持中国政府为实现国家统一所作的一切努力，坚定认为台湾问题是中国内政。 　　哈萨克斯坦“欧亚监测”分析研究中心主任阿里别克·塔日巴耶夫认为，哈萨克斯坦坚持一个中国原则的立场是一贯的。哈萨克斯坦承认中华人民共和国政府是代表全中国的唯一合法政府，并坚决反对任何形式的“两个中国”或“台湾独立”。对哈方而言，这是其外交政策基本架构的重要组成部分，其中主权、领土完整和不干涉内政始终是至高无上的原则。 　　泰国正大管理学院中国—东盟研究中心主任汤之敏表示，台湾问题涉及中国核心利益。恪守一个中国原则是东盟及其各成员国的一贯立场，也是东盟与中国友好关系的前提和基石。支持一个中国原则有助于台海及区域安定。 　　南非约翰内斯堡大学非洲—中国研究中心高级研究员科菲·库阿库表示，从历史正义、国际法原则到联合国的制度安排，台湾问题早已不是悬而未决的地缘政治争议，纯属中国内政。包括《开罗宣言》《波茨坦公告》在内的系列国际法文件，都确认了中国对台湾的主权。联合国大会第2758号决议郑重确认了一个中国原则，这一原则得到国际社会普遍承认。 　　突尼斯前驻华大使斯马维近日在接受媒体采访时表示，突尼斯始终坚持一个中国原则，并相信中国必将实现完全统一。中国始终坚持和强调互不干涉内政、互相尊重主权和领土完整，积极推动构建更加公正合理的国际秩序。主权平等是联合国宪章原则，其重要性不容削弱。 　　法国企业家阿诺德·贝特朗表示，一个中国原则是国际社会普遍共识，试图模糊这一立场的任何做法都是在诡辩和误导。 　　（综合本报记者吴刚、程是颉、谢佳君、杨一、李强、戴楷然、管克江、尚凯元和新华社记者报道）
中国 台湾,福建海警在金门附近海域执法巡查 国台办：正当之举、必要之举,2025-12-03 11:14:57,http://tw.people.com.cn/n1/2025/1203/c14657-40616608.html,近日，福建海警在金门附近海域依法开展常态执法巡查。国务院台办发言人张晗3日在例行新闻发布会上应询表示，两岸同属一个中国，台湾是中国的一部分。海警部门开展常态化执法巡查行动，既是依法维护相关海域正常航行和作业秩序的正当之举，也是保障两岸渔民生命财产安全的必要之举。 　　张晗指出，民进党当局顽固坚持“台独”立场，迄今仍不断采取危险粗暴手段对待大陆渔船民，威胁大陆渔船民生命财产安全，是破坏台海和平稳定、损害两岸同胞利益福祉的祸乱根源。民进党当局应立即停止干扰和破坏大陆渔民正常作业，停止挑起事端和制造麻烦。（记者许晓静、李寒芳）
中国 台湾,国台办回应日本在近台区域部署导弹,2025-11-28 09:57:52,http://cjkeizai.j.people.com.cn/n1/2025/1128/c368504-40613533.html,中新网11月26日电 26日，国台办举行例行新闻发布会。日前，日本宣布在敏感区域部署导弹，距离台湾仅110公里，不断加剧区域紧张。 　　对此，发言人彭庆恩表示，日方在与中国台湾临近的区域部署进攻性武器，蓄意制造地区紧张、挑动军事对立，这一动向极其危险，《波茨坦公告》明确规定日本“禁止重新武装”，日本“和平宪法”也确立“专守防卫”原则。但令世人警惕的是，日本右翼势力正极力突破“和平宪法”束缚，在穷兵黩武道路上越走越远，把日本和地区引向灾祸。 　　彭庆恩强调，台湾是中国的台湾。我们决不允许外部势力染指中国台湾地区，决不允许日本军国主义死灰复燃。我们有坚定意志、坚强决心和强大能力捍卫国家主权和领土完整，粉碎一切外来干涉图谋。
中国 台湾,恪守“和平宪法”，日本才有立世之本（钟声）,2025-11-26 11:26:24,http://cjkeizai.j.people.com.cn/n1/2025/1126/c368504-40611990.html,作为二战战败国，日本正在试图挣脱国际法束缚，其以和平主义存世的立身之本正在发生动摇。一切主张正义的国家和人民，都有责任坚决阻止日本军国主义死灰复燃 在日本首相高市早苗涉台错误言论引发国内外强烈批评之际，日本又做出一系列危险举动，包括自2023年放宽武器出口限制后首次出口杀伤性武器、自民党启动讨论修订“安保三文件”、将在与中国台湾邻近的西南诸岛部署进攻性武器等，进一步暴露日方背离战后国际秩序的政治企图。作为二战战败国，日本上述举动是对国际法义务的公然背弃，是对国际社会共同认定的战后秩序的严重挑战，将对亚洲乃至世界和平稳定造成严重威胁。 “欺骗及错误领导日本人民使其妄欲征服世界者之权威及势力必须永久铲除，盖吾人坚持非将负责之穷兵黩武主义驱出世界，则和平安全及正义之新秩序势不可能建立。”80年前，《波茨坦公告》明确，必须毫不留情铲除日本军国主义及其土壤，从政治上限制日本战争权，从思想上消除日本战争根源，才能建立和平、安全与正义的新秩序。 《联合国宪章》、《波茨坦公告》、日本投降书等一系列国际文件，对日本作为战败国的义务作出明确规定。《联合国宪章》规定的“集体自卫权”是为维护国际社会集体安全、防止法西斯势力复活而创设的权利，日本被限制行使这一权利。《波茨坦公告》要求日本完全解除武装，不得维持能使其重新武装的产业。宣告日本军国主义彻底失败的日本投降书承诺“忠诚履行波茨坦公告各项规定之义务”。这些具有国际法效力的文件明确了日本作为战败国应承担的国际义务，构成战后国际秩序的重要基石，也是日本重返国际社会的政治前提和法律前提。 中日四个政治文件和日本宪法第九条，更是日本对和平发展道路作出的重要承诺。日本在《中日联合声明》中明确表示对过去战争行为的深刻反省，承诺通过和平手段解决争端。日本宪法确立的“专守防卫”原则，是日本战后坚持走和平发展道路的重要保障。这是日本向本国人民、中国人民、世界人民作出的郑重承诺，具有不可动摇的严肃性和约束力，不容丝毫模糊和倒退。 国无信无以立世。令人警惕的是，日本右翼势力近年来频频挑战这些基本原则。从鼓吹武力介入台海，到讨论放弃“无核三原则”，从试图修改宪法第九条，到谋求“对敌基地攻击能力”，这一系列动向表明日本正在背离其战后长期坚持的和平发展道路。这些行为不仅违背国际法，更与日本自身的宪法规定和政治承诺相抵触。种种迹象表明，日本正在试图挣脱《波茨坦公告》和日本投降书的束缚，军国主义正在日本死灰复燃，日本战后以和平主义存世的立身之本正在发生动摇。 国际社会对此已有明确反应。马来西亚学者批评日本领导人对二战历史的错误认知；俄罗斯外交部在社交媒体上发布日本投降视频，提醒日本应汲取历史教训，恪守日本宪法中仍然有效的和平主义条款；日本国内民众和媒体也发出理性声音。日本民众在首相官邸前集会表达抗议，“要求高市首相撤回错误言论”。日本《东京新闻》社论指出，任何短视的政权出于一己之念而试图修改“无核三原则”，都是不可接受的。这些理性声音是对日本右翼势力的警示，也是为了捍卫国际法和国际秩序。 历史警示我们，任何国家若不能正确对待历史，就难以把握未来。历史悲剧决不能重演。日本只有汲取历史教训，恪守国际法和本国“和平宪法”，以实际行动取信于亚洲邻国和国际社会，才是对自己负责、对世界负责。国际社会有权利，也有责任共同维护以国际法为基础的国际秩序，确保战后和平成果得到切实尊重。日方若一意孤行、一错再错，一切主张正义的国家和人民，都有权利对日本的历史罪行进行再清算，都有责任坚决阻止日本军国主义死灰复燃。 《人民日报》（2025年11月26日 第 03 版）
中国 台湾,外交部：世界上只有一个中国，这是铁的事实,2025-11-26 11:26:24,http://cjkeizai.j.people.com.cn/n1/2025/1126/c368504-40611993.html,新华社北京11月25日电（记者刘杨、冯歆然）外交部发言人毛宁25日表示，世界上只有一个中国，台湾是中国领土不可分割的一部分，这是铁的事实，不容歪曲篡改。 　　当日例行记者会上，有记者问：日本首相高市早苗发表涉台错误言论，激起中国人民愤慨。而日本国内有人声称，接受日本投降的是中华民国而不是中华人民共和国，所以中华人民共和国没资格讨论台湾问题。发言人对此有何评论？ 　　“发表这种言论的人，要么是对历史无知，要么是刻意歪曲历史，无视国际法。”毛宁说。 　　毛宁表示，1945年，日本签署投降书，明确承诺忠实履行《波茨坦公告》，无条件将台湾归还中国。中国恢复对台湾行使主权，从法律和事实上收复了台湾。1949年中华人民共和国政府取代中华民国政府，这是在中国国际法主体没有发生变化情况下的政权更替，中国的主权和固有领土疆域没有改变。中华人民共和国政府理所当然完全享有和行使中国的主权，包括对台湾的主权。1972年《中日联合声明》明确，日本国政府承认中华人民共和国政府是中国的唯一合法政府。 　　“世界上只有一个中国，台湾是中国领土不可分割的一部分。这是铁的事实，不容歪曲篡改。”她说。
中国 台湾,中华人民共和国和汤加王国联合声明（全文）,2025-11-26 16:38:50,http://politics.people.com.cn/n1/2025/1126/c1001-40612233.html,新华社北京11月26日电 　　 　　应中华人民共和国主席习近平邀请，汤加国王图普六世于2025年11月21日至27日对中国进行国事访问。 　　访问期间，中华人民共和国主席习近平会见图普六世国王，国务院总理李强、全国人民代表大会常务委员会委员长赵乐际分别会见图普六世国王。双方就赓续中汤传统友谊、深化两国高质量共建“一带一路”等务实合作及共同关心的国际和地区问题深入交换意见，达成广泛共识。 　　一、双方高度评价中汤建交27年来双边关系长足发展，一致认为新时代中汤关系进一步发展面临重要机遇，将给两国人民带来更多福祉，有利于促进太平洋岛国地区的和平、稳定与发展，双方致力于深化中汤相互尊重、共同发展的全面战略伙伴关系。 　　二、汤方祝贺在习近平主席领导下中国“十四五”时期发展取得的重大成就，相信“十五五”规划将为中国式现代化建设提供新的战略引领，为包括汤加在内的各国发展提供更多确定性、稳定性和新机遇。中方祝贺汤加宪法颁布150周年，祝愿汤加人民在图普六世国王和汤加政府领导下，不断取得经济社会发展新成就。 　　三、双方同意继续发挥元首外交对双边关系的战略引领作用，进一步密切各层级、各领域交往，扩大政府部门、立法机构、政党和地方之间的交流合作，持续加强治国理政和发展经验交流。 　　四、双方重申将持续增强政治互信，坚定奉行国家不分大小、强弱、贫富一律平等的外交政策，坚定支持对方自主选择符合本国国情的发展道路，在涉及彼此核心利益和重大关切问题上坚定相互支持。汤方重申恪守一个中国原则，承认世界上只有一个中国，台湾是中国领土不可分割的一部分，中华人民共和国政府是代表全中国的唯一合法政府，坚决反对任何形式的“台湾独立”，坚定支持中国政府实现国家统一，认为联合国大会第2758号决议的权威性不容质疑和挑战。汤方坚定支持中方在涉港、涉藏、涉疆、人权等问题上的立场。 　　五、双方高度评价高质量共建“一带一路”丰硕成果，同意加强共建“一带一路”倡议同《汤加战略发展框架Ⅲ（2025－2035）》等国家发展战略对接，拓展贸易投资、农林渔业、基础设施、清洁能源等广泛领域务实合作。中方将继续为汤加实现自主可持续发展提供力所能及的帮助，中国同汤加合作以汤方需求为前提，坚持发展优先，开放包容，不针对第三方。汤方对此表示认同和赞赏。 　　六、双方祝贺签署《中华人民共和国政府和汤加王国政府提升经济伙伴关系框架协定》，期待尽快推动谈判取得互利共赢成果。中方欢迎汤加更多特色优质产品进入中国市场，鼓励中国企业赴汤投资兴业。 　　七、双方同意扩大教育、医疗、旅游、体育、青年、媒体、地方等领域交往合作，持续增进民心相通。双方欢迎两国医疗转诊合作新进展。中方将继续向汤加派遣中国医疗队，并增派中医医生，将“新时代神农尝百草”工程向汤加延伸。中方将继续向汤方提供中国政府奖学金和各类培训名额，并为汤加中文教学提供支持。 　　八、双方愿在平等互信、互惠互利基础上开展海洋合作。双方同意深化在海洋观测预报、海洋防灾减灾、海洋生态系统保护修复、海洋空间规划和发展蓝色经济等领域的务实海洋合作，努力构建海洋命运共同体。 　　九、双方一致认为，气候变化是全球性挑战，各国应坚持真正的多边主义，按照公平、共同但有区别的责任和各自能力原则携手应对，共同推动《联合国气候变化框架公约》及其《巴黎协定》全面有效实施。中方愿积极对接《汤加能源路线图》，在援助汤加风力发电项目成功合作基础上，进一步扩大双方在绿色低碳领域合作。双方同意继续强化防灾减灾救灾领域务实合作，在“一带一路”自然灾害防治和应急管理国际合作机制下加强多层级交流。 　　十、汤方支持习近平主席提出的全球治理倡议，认为在世界反法西斯战争胜利和联合国成立80周年之际，这一重要倡议正逢其时，有助于推动构建更加公正合理的全球治理体系。汤方重申支持全球发展倡议、全球安全倡议、全球文明倡议。双方一致同意加强在国际和地区事务中沟通协作，弘扬和平、发展、公平、正义、民主、自由的全人类共同价值，捍卫以联合国为核心的国际体系、以国际法为基础的国际秩序、以联合国宪章宗旨和原则为基础的国际关系基本准则，维护以世界贸易组织为核心的多边贸易体制，反对霸权主义和强权政治，推动平等有序的世界多极化、普惠包容的经济全球化。 　　2025年11月26日于北京
中国 台湾,中华人民共和国和汤加王国联合声明（全文）,2025-11-26 17:13:35,http://cpc.people.com.cn/n1/2025/1126/c64094-40612267.html,新华社北京11月26日电 　　 　　应中华人民共和国主席习近平邀请，汤加国王图普六世于2025年11月21日至27日对中国进行国事访问。 　　访问期间，中华人民共和国主席习近平会见图普六世国王，国务院总理李强、全国人民代表大会常务委员会委员长赵乐际分别会见图普六世国王。双方就赓续中汤传统友谊、深化两国高质量共建“一带一路”等务实合作及共同关心的国际和地区问题深入交换意见，达成广泛共识。 　　一、双方高度评价中汤建交27年来双边关系长足发展，一致认为新时代中汤关系进一步发展面临重要机遇，将给两国人民带来更多福祉，有利于促进太平洋岛国地区的和平、稳定与发展，双方致力于深化中汤相互尊重、共同发展的全面战略伙伴关系。 　　二、汤方祝贺在习近平主席领导下中国“十四五”时期发展取得的重大成就，相信“十五五”规划将为中国式现代化建设提供新的战略引领，为包括汤加在内的各国发展提供更多确定性、稳定性和新机遇。中方祝贺汤加宪法颁布150周年，祝愿汤加人民在图普六世国王和汤加政府领导下，不断取得经济社会发展新成就。 　　三、双方同意继续发挥元首外交对双边关系的战略引领作用，进一步密切各层级、各领域交往，扩大政府部门、立法机构、政党和地方之间的交流合作，持续加强治国理政和发展经验交流。 　　四、双方重申将持续增强政治互信，坚定奉行国家不分大小、强弱、贫富一律平等的外交政策，坚定支持对方自主选择符合本国国情的发展道路，在涉及彼此核心利益和重大关切问题上坚定相互支持。汤方重申恪守一个中国原则，承认世界上只有一个中国，台湾是中国领土不可分割的一部分，中华人民共和国政府是代表全中国的唯一合法政府，坚决反对任何形式的“台湾独立”，坚定支持中国政府实现国家统一，认为联合国大会第2758号决议的权威性不容质疑和挑战。汤方坚定支持中方在涉港、涉藏、涉疆、人权等问题上的立场。 　　五、双方高度评价高质量共建“一带一路”丰硕成果，同意加强共建“一带一路”倡议同《汤加战略发展框架Ⅲ（2025－2035）》等国家发展战略对接，拓展贸易投资、农林渔业、基础设施、清洁能源等广泛领域务实合作。中方将继续为汤加实现自主可持续发展提供力所能及的帮助，中国同汤加合作以汤方需求为前提，坚持发展优先，开放包容，不针对第三方。汤方对此表示认同和赞赏。 　　六、双方祝贺签署《中华人民共和国政府和汤加王国政府提升经济伙伴关系框架协定》，期待尽快推动谈判取得互利共赢成果。中方欢迎汤加更多特色优质产品进入中国市场，鼓励中国企业赴汤投资兴业。 　　七、双方同意扩大教育、医疗、旅游、体育、青年、媒体、地方等领域交往合作，持续增进民心相通。双方欢迎两国医疗转诊合作新进展。中方将继续向汤加派遣中国医疗队，并增派中医医生，将“新时代神农尝百草”工程向汤加延伸。中方将继续向汤方提供中国政府奖学金和各类培训名额，并为汤加中文教学提供支持。 　　八、双方愿在平等互信、互惠互利基础上开展海洋合作。双方同意深化在海洋观测预报、海洋防灾减灾、海洋生态系统保护修复、海洋空间规划和发展蓝色经济等领域的务实海洋合作，努力构建海洋命运共同体。 　　九、双方一致认为，气候变化是全球性挑战，各国应坚持真正的多边主义，按照公平、共同但有区别的责任和各自能力原则携手应对，共同推动《联合国气候变化框架公约》及其《巴黎协定》全面有效实施。中方愿积极对接《汤加能源路线图》，在援助汤加风力发电项目成功合作基础上，进一步扩大双方在绿色低碳领域合作。双方同意继续强化防灾减灾救灾领域务实合作，在“一带一路”自然灾害防治和应急管理国际合作机制下加强多层级交流。 　　十、汤方支持习近平主席提出的全球治理倡议，认为在世界反法西斯战争胜利和联合国成立80周年之际，这一重要倡议正逢其时，有助于推动构建更加公正合理的全球治理体系。汤方重申支持全球发展倡议、全球安全倡议、全球文明倡议。双方一致同意加强在国际和地区事务中沟通协作，弘扬和平、发展、公平、正义、民主、自由的全人类共同价值，捍卫以联合国为核心的国际体系、以国际法为基础的国际秩序、以联合国宪章宗旨和原则为基础的国际关系基本准则，维护以世界贸易组织为核心的多边贸易体制，反对霸权主义和强权政治，推动平等有序的世界多极化、普惠包容的经济全球化。 　　2025年11月26日于北京
中国 台湾,外交部回应日方将在与中国台湾邻近的西南诸岛部署进攻性武器：这一动向极其危险需要引起高度警惕,2025-11-26 11:26:25,http://cjkeizai.j.people.com.cn/n1/2025/1126/c368504-40611996.html,新华社北京11月24日电（记者袁睿、刘杨）在回答日方将在与中国台湾邻近的西南诸岛部署进攻性武器的提问时，外交部发言人毛宁24日在例行记者会上表示，此举刻意制造地区紧张，挑动军事对立，联系到日本首相高市早苗的涉台错误言论，这一动向极其危险，需要引起周边国家及国际社会的高度警惕。中方绝不允许日本右翼势力开历史倒车，绝不允许外部势力染指中国台湾地区，绝不允许日本军国主义死灰复燃。中方有决心有能力捍卫国家领土主权。
中国 台湾,中华人民共和国和汤加王国联合声明,2025-11-27 08:53:08,http://cpc.people.com.cn/n1/2025/1127/c64387-40612666.html,应中华人民共和国主席习近平邀请，汤加国王图普六世于2025年11月21日至27日对中国进行国事访问。 　　访问期间，中华人民共和国主席习近平会见图普六世国王，国务院总理李强、全国人民代表大会常务委员会委员长赵乐际分别会见图普六世国王。双方就赓续中汤传统友谊、深化两国高质量共建“一带一路”等务实合作及共同关心的国际和地区问题深入交换意见，达成广泛共识。 　　一、双方高度评价中汤建交27年来双边关系长足发展，一致认为新时代中汤关系进一步发展面临重要机遇，将给两国人民带来更多福祉，有利于促进太平洋岛国地区的和平、稳定与发展，双方致力于深化中汤相互尊重、共同发展的全面战略伙伴关系。 　　二、汤方祝贺在习近平主席领导下中国“十四五”时期发展取得的重大成就，相信“十五五”规划将为中国式现代化建设提供新的战略引领，为包括汤加在内的各国发展提供更多确定性、稳定性和新机遇。中方祝贺汤加宪法颁布150周年，祝愿汤加人民在图普六世国王和汤加政府领导下，不断取得经济社会发展新成就。 　　三、双方同意继续发挥元首外交对双边关系的战略引领作用，进一步密切各层级、各领域交往，扩大政府部门、立法机构、政党和地方之间的交流合作，持续加强治国理政和发展经验交流。 　　四、双方重申将持续增强政治互信，坚定奉行国家不分大小、强弱、贫富一律平等的外交政策，坚定支持对方自主选择符合本国国情的发展道路，在涉及彼此核心利益和重大关切问题上坚定相互支持。汤方重申恪守一个中国原则，承认世界上只有一个中国，台湾是中国领土不可分割的一部分，中华人民共和国政府是代表全中国的唯一合法政府，坚决反对任何形式的“台湾独立”，坚定支持中国政府实现国家统一，认为联合国大会第2758号决议的权威性不容质疑和挑战。汤方坚定支持中方在涉港、涉藏、涉疆、人权等问题上的立场。 　　五、双方高度评价高质量共建“一带一路”丰硕成果，同意加强共建“一带一路”倡议同《汤加战略发展框架Ⅲ（2025—2035）》等国家发展战略对接，拓展贸易投资、农林渔业、基础设施、清洁能源等广泛领域务实合作。中方将继续为汤加实现自主可持续发展提供力所能及的帮助，中国同汤加合作以汤方需求为前提，坚持发展优先，开放包容，不针对第三方。汤方对此表示认同和赞赏。 　　六、双方祝贺签署《中华人民共和国政府和汤加王国政府提升经济伙伴关系框架协定》，期待尽快推动谈判取得互利共赢成果。中方欢迎汤加更多特色优质产品进入中国市场，鼓励中国企业赴汤投资兴业。 　　七、双方同意扩大教育、医疗、旅游、体育、青年、媒体、地方等领域交往合作，持续增进民心相通。双方欢迎两国医疗转诊合作新进展。中方将继续向汤加派遣中国医疗队，并增派中医医生，将“新时代神农尝百草”工程向汤加延伸。中方将继续向汤方提供中国政府奖学金和各类培训名额，并为汤加中文教学提供支持。 　　八、双方愿在平等互信、互惠互利基础上开展海洋合作。双方同意深化在海洋观测预报、海洋防灾减灾、海洋生态系统保护修复、海洋空间规划和发展蓝色经济等领域的务实海洋合作，努力构建海洋命运共同体。 　　九、双方一致认为，气候变化是全球性挑战，各国应坚持真正的多边主义，按照公平、共同但有区别的责任和各自能力原则携手应对，共同推动《联合国气候变化框架公约》及其《巴黎协定》全面有效实施。中方愿积极对接《汤加能源路线图》，在援助汤加风力发电项目成功合作基础上，进一步扩大双方在绿色低碳领域合作。双方同意继续强化防灾减灾救灾领域务实合作，在“一带一路”自然灾害防治和应急管理国际合作机制下加强多层级交流。 　　十、汤方支持习近平主席提出的全球治理倡议，认为在世界反法西斯战争胜利和联合国成立80周年之际，这一重要倡议正逢其时，有助于推动构建更加公正合理的全球治理体系。汤方重申支持全球发展倡议、全球安全倡议、全球文明倡议。双方一致同意加强在国际和地区事务中沟通协作，弘扬和平、发展、公平、正义、民主、自由的全人类共同价值，捍卫以联合国为核心的国际体系、以国际法为基础的国际秩序、以联合国宪章宗旨和原则为基础的国际关系基本准则，维护以世界贸易组织为核心的多边贸易体制，反对霸权主义和强权政治，推动平等有序的世界多极化、普惠包容的经济全球化。 　　2025年11月26日于北京   　　（新华社北京11月26日电）
中国 台湾,新起点新征程 中国男篮世预赛首战即将打响,2025-11-27 08:58:31,http://ent.people.com.cn/n1/2025/1127/c1012-40612751.html,人民网北京11月27日电 （记者杨磊）11月28日，中国男篮将在2027年男篮世界杯亚洲区预选赛首场比赛中迎战韩国队。日前，正在北京五棵松体育馆积极备战的中国男篮主教练郭士强在接受记者采访时表示：“本场比赛是一个新的起点，对于中国男篮冲击2028年洛杉矶奥运会至关重要。” 记者在中国男篮训练现场看到，队员们精神饱满，表情轻松，周琦与张镇麟一直在交流战术。郭士强表示，十五运会刚刚结束，队员们只休息了一天便投入到世预赛备战中。“他们身体还比较疲劳，但从开始集训到现在，大家精神状态很好，训练质量也很高。” 今年8月，中国男篮在亚洲杯发挥出色，一路闯入决赛，最终惜败于澳大利亚队，获得亚军。此次备战世预赛，此前缺阵亚洲杯的周琦、张镇麟、曾凡博等队员悉数归队。郭士强表示：“他们几位队员的回归，给球队内线带来了补充，为球队提供了很大帮助。”同时，由于余嘉豪在十五运会后已经返回西班牙继续征战海外联赛，郭士强表示，从保护球员健康角度考虑，本次世预赛窗口期没有召集余嘉豪归队。 中韩男篮最近一次交手是今年亚洲杯1/4决赛。虽然中国队最终以79:71战胜对手，但韩国队在比赛最后阶段疯狂反扑，给中国队制造了不小的麻烦。“韩国队在亚洲一直是一支强队，有着很突出的特点。”郭士强说，“我们对于韩国队还是比较了解的，但是这场比赛我们依然要认真准备。能否遏制住韩国队的特点，按照我们的节奏进行比赛，这对我们来说是取胜的关键。” 2027年男篮世界杯将于明年8月在卡塔尔举行。中国男篮在亚洲区预选赛中，与韩国队、日本队和中国台湾队同处B组。小组赛窗口期为今年11月，明年2月和7月。11月28日主场比赛结束后，中国男篮将飞赴韩国，准备客场与韩国队的比赛。
中国 台湾,中华人民共和国和汤加王国联合声明,2025-11-27 06:03:05,http://world.people.com.cn/n1/2025/1127/c1002-40612338.html,应中华人民共和国主席习近平邀请，汤加国王图普六世于2025年11月21日至27日对中国进行国事访问。 　　访问期间，中华人民共和国主席习近平会见图普六世国王，国务院总理李强、全国人民代表大会常务委员会委员长赵乐际分别会见图普六世国王。双方就赓续中汤传统友谊、深化两国高质量共建“一带一路”等务实合作及共同关心的国际和地区问题深入交换意见，达成广泛共识。 　　一、双方高度评价中汤建交27年来双边关系长足发展，一致认为新时代中汤关系进一步发展面临重要机遇，将给两国人民带来更多福祉，有利于促进太平洋岛国地区的和平、稳定与发展，双方致力于深化中汤相互尊重、共同发展的全面战略伙伴关系。 　　二、汤方祝贺在习近平主席领导下中国“十四五”时期发展取得的重大成就，相信“十五五”规划将为中国式现代化建设提供新的战略引领，为包括汤加在内的各国发展提供更多确定性、稳定性和新机遇。中方祝贺汤加宪法颁布150周年，祝愿汤加人民在图普六世国王和汤加政府领导下，不断取得经济社会发展新成就。 　　三、双方同意继续发挥元首外交对双边关系的战略引领作用，进一步密切各层级、各领域交往，扩大政府部门、立法机构、政党和地方之间的交流合作，持续加强治国理政和发展经验交流。 　　四、双方重申将持续增强政治互信，坚定奉行国家不分大小、强弱、贫富一律平等的外交政策，坚定支持对方自主选择符合本国国情的发展道路，在涉及彼此核心利益和重大关切问题上坚定相互支持。汤方重申恪守一个中国原则，承认世界上只有一个中国，台湾是中国领土不可分割的一部分，中华人民共和国政府是代表全中国的唯一合法政府，坚决反对任何形式的“台湾独立”，坚定支持中国政府实现国家统一，认为联合国大会第2758号决议的权威性不容质疑和挑战。汤方坚定支持中方在涉港、涉藏、涉疆、人权等问题上的立场。 　　五、双方高度评价高质量共建“一带一路”丰硕成果，同意加强共建“一带一路”倡议同《汤加战略发展框架Ⅲ（2025—2035）》等国家发展战略对接，拓展贸易投资、农林渔业、基础设施、清洁能源等广泛领域务实合作。中方将继续为汤加实现自主可持续发展提供力所能及的帮助，中国同汤加合作以汤方需求为前提，坚持发展优先，开放包容，不针对第三方。汤方对此表示认同和赞赏。 　　六、双方祝贺签署《中华人民共和国政府和汤加王国政府提升经济伙伴关系框架协定》，期待尽快推动谈判取得互利共赢成果。中方欢迎汤加更多特色优质产品进入中国市场，鼓励中国企业赴汤投资兴业。 　　七、双方同意扩大教育、医疗、旅游、体育、青年、媒体、地方等领域交往合作，持续增进民心相通。双方欢迎两国医疗转诊合作新进展。中方将继续向汤加派遣中国医疗队，并增派中医医生，将“新时代神农尝百草”工程向汤加延伸。中方将继续向汤方提供中国政府奖学金和各类培训名额，并为汤加中文教学提供支持。 　　八、双方愿在平等互信、互惠互利基础上开展海洋合作。双方同意深化在海洋观测预报、海洋防灾减灾、海洋生态系统保护修复、海洋空间规划和发展蓝色经济等领域的务实海洋合作，努力构建海洋命运共同体。 　　九、双方一致认为，气候变化是全球性挑战，各国应坚持真正的多边主义，按照公平、共同但有区别的责任和各自能力原则携手应对，共同推动《联合国气候变化框架公约》及其《巴黎协定》全面有效实施。中方愿积极对接《汤加能源路线图》，在援助汤加风力发电项目成功合作基础上，进一步扩大双方在绿色低碳领域合作。双方同意继续强化防灾减灾救灾领域务实合作，在“一带一路”自然灾害防治和应急管理国际合作机制下加强多层级交流。 　　十、汤方支持习近平主席提出的全球治理倡议，认为在世界反法西斯战争胜利和联合国成立80周年之际，这一重要倡议正逢其时，有助于推动构建更加公正合理的全球治理体系。汤方重申支持全球发展倡议、全球安全倡议、全球文明倡议。双方一致同意加强在国际和地区事务中沟通协作，弘扬和平、发展、公平、正义、民主、自由的全人类共同价值，捍卫以联合国为核心的国际体系、以国际法为基础的国际秩序、以联合国宪章宗旨和原则为基础的国际关系基本准则，维护以世界贸易组织为核心的多边贸易体制，反对霸权主义和强权政治，推动平等有序的世界多极化、普惠包容的经济全球化。 　　2025年11月26日于北京   　　（新华社北京11月26日电）
中国 台湾,国台办回应日本在近台区域部署导弹,2025-11-27 08:45:20,http://japan.people.com.cn/n1/2025/1127/c35421-40612626.html,中新网11月26日电 26日，国台办举行例行新闻发布会。日前，日本宣布在敏感区域部署导弹，距离台湾仅110公里，不断加剧区域紧张。 　　对此，发言人彭庆恩表示，日方在与中国台湾临近的区域部署进攻性武器，蓄意制造地区紧张、挑动军事对立，这一动向极其危险，《波茨坦公告》明确规定日本“禁止重新武装”，日本“和平宪法”也确立“专守防卫”原则。但令世人警惕的是，日本右翼势力正极力突破“和平宪法”束缚，在穷兵黩武道路上越走越远，把日本和地区引向灾祸。 　　彭庆恩强调，台湾是中国的台湾。我们决不允许外部势力染指中国台湾地区，决不允许日本军国主义死灰复燃。我们有坚定意志、坚强决心和强大能力捍卫国家主权和领土完整，粉碎一切外来干涉图谋。 80秒看雪中武汉 幼儿自主能力大赛 黔江迎万亩雾凇 80岁奶奶学英语
中国 台湾,“高市早苗的言行是亵渎历史正义”（国际视点）,2025-11-26 06:07:31,http://world.people.com.cn/n1/2025/1126/c1002-40611446.html,不久前，日本首相高市早苗公然妄称“台湾有事”可能构成日本“存亡危机事态”，暗示武力介入台湾问题可能性。高市早苗的错误言行严重违反国际法和国际关系基本准则，严重破坏战后国际秩序，持续遭到日本国内人士、周边国家及国际人士的反对和批评。 　　“在外交上毫无益处，有百害而无一利” 　　11月21日晚，约1700名当地民众在日本首相官邸前举行抗议活动。民众高喊“停止煽动战争”“立即撤回发言”等口号，要求高市早苗撤回涉台错误言论，呼吁不要“让日本陷入危险”。 　　日本前首相鸠山由纪夫11月20日再次在社交媒体发文批评高市早苗错误言论。他表示，“日中关系陷入最恶劣的境地，日本国家利益正遭受难以估量的损失。”鸠山由纪夫引用《论语》“过则勿惮改”“过而不改，是谓过矣”的名句，要求高市早苗尽快纠正错误言论。 　　日本社会民主党党首福岛瑞穗在社交媒体上发文表示，高市早苗相关言论是重大问题，既违宪又违法，甚至远远超越了迄今为止日本政府的立场。日本前外务审议官田中均在电视节目中表示，高市早苗的错误言论“在外交上毫无益处，有百害而无一利”。 　　日本中国友好协会会长井上久士发表公开声明，抗议高市早苗涉台错误言论并要求其立即撤回。声明指出，台湾问题是中国的内政问题，所谓“日本存亡危机事态”的发言本身就是对中国内政的粗暴干涉，违背日本政府在1972年《日中联合声明》中承诺的一个中国原则立场。高市早苗的言论导致日中关系局势陡然紧张，是“将日本拖入战争的危险发言”。 　　日本公益社团法人日中友协会长宇都宫德一郎发表公开声明说，当今世界局势激荡不安，需要稳定的日中友好关系，而高市早苗却在国会发表错误言论。“我们对此深感忧虑，它必将严重损害日中关系。我们强烈要求日本政府根据日中四个政治文件精神，采取有效措施改善当前局面。” 　　“无核三原则”是日本的国策 　　高市早苗上任以来，日本政府在强军扩武方面动作频频：大幅增加防卫费，提前两年实现防卫费占国内生产总值2%的目标；着手推进修改《国家安全保障战略》等“安保三文件”；暗示研发核动力潜艇……据日本共同社报道，根据高市早苗的指示，日本自民党11月20日召开关于修改《国家安全保障战略》等“安保三文件”的首次会议，启动安保战略修订程序。其中，讨论修改不拥有、不制造、不引进核武器的“无核三原则”成为舆论关注焦点之一。 　　日本原子弹氢弹受害者团体协议会就高市早苗企图修改“无核三原则”发表公开声明，强调这将颠覆迄今为止日本政府的立场，对政府开启有关修改“无核三原则”的讨论表达强烈抗议，要求日本政府坚持“无核三原则”并将其法制化。 　　日本前首相岸田文雄日前在接受采访时强调，从担任首相时起，他就已明确表示将延续历届政府立场，继续把“无核三原则”作为国策，自己在这一问题上的态度从未改变。 　　日本前首相野田佳彦接受长崎县媒体采访时指出，“无核三原则”是日本的国策。他直言，目前“对高市内阁感到不安的民众正在增多”，“今后将在各种场合继续向政府强烈主张坚持‘无核三原则’”。 　　日本共产党委员长田村智子11月20日在日本国会对记者表示，“安保三文件”修订涉及“无核三原则”是极其危险的，我们对此坚决反对。 　　据日本《每日新闻》报道，日本熊本市市长大西一史11月21日在记者会上表示，“‘无核三原则’是日本作为国策的极其重要的原则，不应轻率修改。” 　　“不得不让人担忧日本是否想重蹈覆辙” 　　今年是中国人民抗日战争暨世界反法西斯战争胜利80周年，也是台湾光复80周年。在这样一个特殊年份，高市早苗的错误言行遭到地区国家及国际人士的强烈反对，他们纷纷表示相关言行严重挑战战后国际秩序，是对地区和平稳定的极大威胁。 　　俄罗斯外交部发言人扎哈罗娃11月20日再次谴责高市早苗近期有关台海局势的严重挑衅言论。扎哈罗娃评论说：“日方不仅不反省其近期言论的错误，而且在80年后的今天仍然拒不承认第二次世界大战的结果。” 　　韩国韩中城市友好协会会长权起植说：“高市早苗的言行是亵渎历史正义、重新包装军国主义，其真正意图是要为日本未来军事扩张铺路，其相关政治操作必将遭到地区国家的反对。” 　　越南越中友协执行委员会常务委员阮明环表示，《开罗宣言》和《波茨坦公告》等文件都明确确认中国对台湾的主权，日本在1972年宣布承认一个中国原则。高市早苗最近的言论违背了这一原则。如果日本不能正确面对其二战期间的侵略历史，就会不断滋长历史修正主义。虽然日本右翼势力极力为日本战争罪责开脱，但历史真相不容歪曲。 　　印度尼西亚塔拉研究所国际问题专家克里斯蒂娜·蒂欣指出，高市早苗意图修改“无核三原则”的动向令人担忧。无论她是拒绝重申“无核三原则”还是故意模糊相关内容，都将削弱地区国家对日本的信任。 　　塞尔维亚国际政治经济研究所副所长拉杰瓦茨对媒体表示，高市早苗涉台错误言论是对中国内政的粗暴干涉，令人无法接受。因为世界上只有一个中国，台湾是中国的一部分，“这样的言行不得不让人担忧日本是否想重蹈覆辙，是否会以主动挑衅的方式破坏亚太地区的稳定。” 　　美国罗伯特·莫里斯大学副教授安东尼·莫雷蒂表示，作为日本首相，高市早苗公开质疑国际社会广泛承认的一个中国原则，这是极其危险的。莫雷蒂表示，高市早苗应以负责任态度对待这一问题，明确道歉并纠正错误。台湾问题是中国人自己的事，只能由中国人自己解决，不容日本介入。
中国 台湾,外交部：世界上只有一个中国，这是铁的事实,2025-11-26 06:09:14,http://world.people.com.cn/n1/2025/1126/c1002-40611453.html,据新华社北京11月25日电（记者刘杨、冯歆然）25日外交部例行记者会上，有记者问：日本首相高市早苗发表涉台错误言论，激起中国人民愤慨。而日本国内有人声称，接受日本投降的是中华民国而不是中华人民共和国，所以中华人民共和国没资格讨论台湾问题。发言人对此有何评论？ 　　“发表这种言论的人，要么是对历史无知，要么是刻意歪曲历史，无视国际法。”发言人毛宁说。 　　毛宁表示，1945年，日本签署投降书，明确承诺忠实履行《波茨坦公告》，无条件将台湾归还中国。中国恢复对台湾行使主权，从法律和事实上收复了台湾。1949年中华人民共和国政府取代中华民国政府，这是在中国国际法主体没有发生变化情况下的政权更替，中国的主权和固有领土疆域没有改变。中华人民共和国政府理所当然完全享有和行使中国的主权，包括对台湾的主权。1972年《中日联合声明》明确，日本国政府承认中华人民共和国政府是中国的唯一合法政府。 　　“世界上只有一个中国，台湾是中国领土不可分割的一部分。这是铁的事实，不容歪曲篡改。”她说。
中国 台湾,恪守“和平宪法”，日本才有立世之本（钟声）,2025-11-26 06:09:28,http://world.people.com.cn/n1/2025/1126/c1002-40611455.html,在日本首相高市早苗涉台错误言论引发国内外强烈批评之际，日本又做出一系列危险举动，包括自2023年放宽武器出口限制后首次出口杀伤性武器、自民党启动讨论修订“安保三文件”、将在与中国台湾邻近的西南诸岛部署进攻性武器等，进一步暴露日方背离战后国际秩序的政治企图。作为二战战败国，日本上述举动是对国际法义务的公然背弃，是对国际社会共同认定的战后秩序的严重挑战，将对亚洲乃至世界和平稳定造成严重威胁。 　　“欺骗及错误领导日本人民使其妄欲征服世界者之权威及势力必须永久铲除，盖吾人坚持非将负责之穷兵黩武主义驱出世界，则和平安全及正义之新秩序势不可能建立。”80年前，《波茨坦公告》明确，必须毫不留情铲除日本军国主义及其土壤，从政治上限制日本战争权，从思想上消除日本战争根源，才能建立和平、安全与正义的新秩序。 　　《联合国宪章》、《波茨坦公告》、日本投降书等一系列国际文件，对日本作为战败国的义务作出明确规定。《联合国宪章》规定的“集体自卫权”是为维护国际社会集体安全、防止法西斯势力复活而创设的权利，日本被限制行使这一权利。《波茨坦公告》要求日本完全解除武装，不得维持能使其重新武装的产业。宣告日本军国主义彻底失败的日本投降书承诺“忠诚履行波茨坦公告各项规定之义务”。这些具有国际法效力的文件明确了日本作为战败国应承担的国际义务，构成战后国际秩序的重要基石，也是日本重返国际社会的政治前提和法律前提。 　　中日四个政治文件和日本宪法第九条，更是日本对和平发展道路作出的重要承诺。日本在《中日联合声明》中明确表示对过去战争行为的深刻反省，承诺通过和平手段解决争端。日本宪法确立的“专守防卫”原则，是日本战后坚持走和平发展道路的重要保障。这是日本向本国人民、中国人民、世界人民作出的郑重承诺，具有不可动摇的严肃性和约束力，不容丝毫模糊和倒退。 　　国无信无以立世。令人警惕的是，日本右翼势力近年来频频挑战这些基本原则。从鼓吹武力介入台海，到讨论放弃“无核三原则”，从试图修改宪法第九条，到谋求“对敌基地攻击能力”，这一系列动向表明日本正在背离其战后长期坚持的和平发展道路。这些行为不仅违背国际法，更与日本自身的宪法规定和政治承诺相抵触。种种迹象表明，日本正在试图挣脱《波茨坦公告》和日本投降书的束缚，军国主义正在日本死灰复燃，日本战后以和平主义存世的立身之本正在发生动摇。 　　国际社会对此已有明确反应。马来西亚学者批评日本领导人对二战历史的错误认知；俄罗斯外交部在社交媒体上发布日本投降视频，提醒日本应汲取历史教训，恪守日本宪法中仍然有效的和平主义条款；日本国内民众和媒体也发出理性声音。日本民众在首相官邸前集会表达抗议，“要求高市首相撤回错误言论”。日本《东京新闻》社论指出，任何短视的政权出于一己之念而试图修改“无核三原则”，都是不可接受的。这些理性声音是对日本右翼势力的警示，也是为了捍卫国际法和国际秩序。 　　历史警示我们，任何国家若不能正确对待历史，就难以把握未来。历史悲剧决不能重演。日本只有汲取历史教训，恪守国际法和本国“和平宪法”，以实际行动取信于亚洲邻国和国际社会，才是对自己负责、对世界负责。国际社会有权利，也有责任共同维护以国际法为基础的国际秩序，确保战后和平成果得到切实尊重。日方若一意孤行、一错再错，一切主张正义的国家和人民，都有权利对日本的历史罪行进行再清算，都有责任坚决阻止日本军国主义死灰复燃。
中国 台湾,王毅：中方敦促日方早日反思改错，不要执迷不悟,2025-11-24 10:26:35,http://cjkeizai.j.people.com.cn/n1/2025/1124/c368504-40610369.html,新华社杜尚别11月23日电　11月19日至22日，中共中央政治局委员、外交部长王毅应邀赴吉尔吉斯斯坦、乌兹别克斯坦、塔吉克斯坦举行外长战略对话，并同三国领导人友好交流。访问结束后，王毅接受中国媒体采访。 　　王毅表示，在核心利益问题上坚定相互支持，这是中国-中亚命运共同体的应有之义。中方愿意做中亚和平、稳定、发展的坚定支持者和有力维护者，我们反对干涉中亚国家的内政，决不允许任何人、任何势力制造分裂和动荡。我向三国外长介绍了中国在台湾问题上的原则立场，揭露了日本现职领导人公然侵害中国核心利益、挑战二战后国际秩序的错误言行。三国公开强调，世界上只有一个中国，台湾是中国领土不可分割的一部分，反对任何形式的“台湾独立”，坚定支持中国政府为实现国家统一所作的一切努力。这一集体发声正当其时，既支持了中国在台湾问题上的正当立场，又维护了国际关系的基本准则，再次清晰表明，一个中国原则是国际社会不可动摇的普遍共识。 　　王毅说，今年是中国人民抗日战争暨世界反法西斯战争胜利80周年，把日本当年“窃取”的台湾归还中国明确规定于《开罗宣言》、《波茨坦公告》、日本投降书等一系列国际文件，是不可否认的二战胜利成果，也是日本作为战败国必须持续遵守的国际义务。在今年这一关键年头，日本最应该做的是，深刻反省当年侵略殖民台湾的历史，深刻反省军国主义犯下的战争罪行，在台湾和历史问题上遵规守矩、谨言慎行。但令人震惊的是，日本现职领导人竟然公开发出试图武力介入台湾问题的错误信号，讲了不该讲的话，越了不应碰的红线。中方必须予以坚决回击，这既是维护中国的主权与领土完整，也是捍卫用鲜血和生命换来的战后成果，维护国际正义和人类良知。 　　王毅表示，中国人民爱好和平、亲仁善邻，但在事关国家主权和领土完整的大是大非问题上，绝不会有任何妥协退让。日本政府在中日四个政治文件中已就台湾问题作出郑重承诺，具有国际法效力，没有任何模糊、曲解的空间。无论日本哪个党派、哪个人执政，都必须恪守。人无信无以立身，国无信无以立世。中方敦促日方早日反思改错，不要执迷不悟。如果日方一意孤行、一错再错，一切主张正义的国家和人民，都有权利对日本的历史罪行进行再清算，都有责任坚决阻止日本军国主义死灰复燃。
中国 台湾,王毅在结束对中亚三国访问后接受中国媒体采访,2025-11-23 16:49:03,http://politics.people.com.cn/n1/2025/1123/c1001-40609735.html,新华社杜尚别11月23日电　11月19日至22日，中共中央政治局委员、外交部长王毅应邀赴吉尔吉斯斯坦、乌兹别克斯坦、塔吉克斯坦举行外长战略对话，并同三国领导人友好交流。访问结束后，王毅接受中国媒体采访。 　　一、此访正值中国共产党二十届四中全会胜利闭幕不久，请问中亚国家对此有何评价？ 　　王毅：三国领导人都热烈祝贺中共成功召开二十届四中全会，都高度重视“十五五”规划建议对中国未来经济社会发展做出的顶层设计，都对中国的发展振兴前景充满信心。我向三国介绍了“十五五”规划建议的重大意义和核心内涵，强调中方将发挥中国特色社会主义制度的独特优势，一张蓝图绘到底，一茬接着一茬干，在以习近平同志为核心的党中央领导下，接续奋斗推进中国式现代化，续写经济快速发展和社会长期稳定两大奇迹。中国坚持高质量发展，推进高水平开放，将为包括中亚国家在内周边邻国以及世界各国带来新的发展机遇，开拓新的合作空间。三国均高度认同中国的成功治理模式，愿意进一步借鉴有益的治国理政经验，期待中国为地区各国和世界提供更多的确定性和稳定性。 　　此行切身感到，三国政局保持稳定，相继进入经济快速发展、工业化起步加速的新时期，到处呈现生机勃勃的景象。作为三国的友好邻邦，我们为此感到高兴。明年是中国“十五五”规划开局之年，中方将以此为契机，同中亚各国扩大合作领域、丰富合作内容、提升合作质效、释放合作潜能，做奔向现代化道路上的同行者，开辟中国中亚合作高质量发展新境界，打造更加紧密的中国－中亚命运共同体。 　　二、当今世界变乱交织，各种挑战层出不穷，中国打算如何与中亚国家共同应对？ 　　王毅：习近平主席在上海合作组织天津峰会上郑重提出全球治理倡议，深刻阐述改革完善全球治理需要遵循的原则、方法和路径，为国际社会合力应对世界变局、破解紧迫难题提供了重要的国际公共产品，已经得到140多个国家和国际组织的欢迎支持。中亚三国高度赞赏习近平主席提出的全球发展倡议、全球安全倡议、全球文明倡议、全球治理倡议，认为这些重大倡议顺应各国人民普遍愿望，符合当今世界迫切需求。他们表示，中方在推进全球治理体系变革中已经并将继续发挥至关重要的引领作用。世界更加需要中国，更加依靠中国，更加信任中国。三国愿同中方一道，以实际行动践行真正的多边主义，共同维护以联合国为核心的国际体系、以国际法为基础的国际秩序，捍卫本地区各国的正当权益和国际公平正义。三国确认将参加全球治理之友小组，尽快加入国际调解院。中方欢迎中亚国家在国际和地区事务中发挥更大作用，愿同各方加大在多边舞台上的相互支持，共同壮大全球南方力量，共同发出全球正义之声，共同为构建更加公正合理的全球治理体系做出努力。 　　三、近年来，中国－中亚机制快速发展，请介绍一下合作的主要进展。 　　王毅：5年前，中国同中亚五国着眼合作需要，顺应时代潮流，共同创立了中国－中亚机制。2023年，中国－中亚机制升级至元首层级后，先后在中国西安和哈萨克斯坦阿斯塔纳两度成功举行峰会，机制建设的四梁八柱迅速成型，13个部级合作平台有效运作，机制常设秘书处全面运营，正在呈现出元首引领、政府推动、各界参与、多轨并行、全面推进的立体多元合作格局。 　　中国同中亚贸易水平不断攀升，已成为中亚最大贸易伙伴。今年前三季度，中国同中亚五国双边贸易额接近800亿美元、同比增长15.6%，全年有望突破1000亿美元大关。双方贸易结构正在不断优化，越来越多的中亚优质产品进入中国市场。 　　中国同中亚投资规模也在持续扩大。中国成为中亚国家主要投资来源国。截至目前，中国对中亚国家投资累计超过500亿美元，农业、能源、基础设施等传统领域持续巩固，5G、新能源、人工智能等新兴领域合作不断加强。 　　中国同中亚国家民间往来蓬勃发展。今年前三季度，中亚五国居民入境中国人数同比增长37.7%，中国内地居民赴中亚人数同比增长50%。中国同中亚国家直航航班已突破每周100次，友城数量达到100对。中国文化中心、孔子学院、鲁班工坊在中亚各国广受欢迎，发挥着传播友谊、促进合作的重要作用。 　　中方愿同中亚国家一道，锚定命运共同体奋斗目标，不断拓展合作领域、扩大合作规模、提升合作层级，在互利合作中加快共同发展，更好造福各国和各国人民。 　　四、一些主要域外力量纷纷同中亚国家建立C5+1机制。请问中国－中亚机制的优势何在？ 　　王毅：同其他C5+1机制相比，中国中亚合作的最大特点是毗邻而居、手足相亲；最大优势是互有需要、互为补充；最大共识是互利互惠、合作共赢。中国－中亚机制成立以来，我们立足中亚国家的现实需要，踏踏实实开展各领域务实合作，推动中国－中亚关系实现跨越式发展，形成全方位、宽领域、多层次合作格局，彰显出高效务实的鲜明和独特价值。今年6月召开的第二届中国－中亚峰会确立了以“互尊、互信、互利、互助，以高质量发展推进共同现代化”为核心的“中国－中亚精神”，揭示了中国同中亚国家友好交往的成功密码，为中国－中亚未来合作提供了根本遵循。 　　我们始终坚持国家不分大小一视同仁，协商一致作决策；我们始终坚持相互信任、相互支持，合作从不附带任何政治条件；我们始终坚持共同发展，携手应对各类风险挑战，维护地区共同安全。正因如此，中国－中亚机制在各类C5+1机制中脱颖而出，得到地区国家广泛认可和支持。中亚国家普遍认为，中国才是最可信赖和依靠的合作伙伴。 　　五、此行同三国外长发表的政治文件中，中亚国家均强调坚守一个中国原则。请问对此有何评价？ 　　王毅：在核心利益问题上坚定相互支持，这是中国－中亚命运共同体的应有之义。中方愿意做中亚和平、稳定、发展的坚定支持者和有力维护者，我们反对干涉中亚国家的内政，决不允许任何人、任何势力制造分裂和动荡。我向三国外长介绍了中国在台湾问题上的原则立场，揭露了日本现职领导人公然侵害中国核心利益、挑战二战后国际秩序的错误言行。三国公开强调，世界上只有一个中国，台湾是中国领土不可分割的一部分，反对任何形式的“台湾独立”，坚定支持中国政府为实现国家统一所作的一切努力。这一集体发声正当其时，既支持了中国在台湾问题上的正当立场，又维护了国际关系的基本准则，再次清晰表明，一个中国原则是国际社会不可动摇的普遍共识。 　　今年是中国人民抗日战争暨世界反法西斯战争胜利80周年，把日本当年“窃取”的台湾归还中国明确规定于《开罗宣言》、《波茨坦公告》、日本投降书等一系列国际文件，是不可否认的二战胜利成果，也是日本作为战败国必须持续遵守的国际义务。在今年这一关键年头，日本最应该做的是，深刻反省当年侵略殖民台湾的历史，深刻反省军国主义犯下的战争罪行，在台湾和历史问题上遵规守矩、谨言慎行。但令人震惊的是，日本现职领导人竟然公开发出试图武力介入台湾问题的错误信号，讲了不该讲的话，越了不应碰的红线。中方必须予以坚决回击，这既是维护中国的主权与领土完整，也是捍卫用鲜血和生命换来的战后成果，维护国际正义和人类良知。 　　中国人民爱好和平、亲仁善邻，但在事关国家主权和领土完整的大是大非问题上，绝不会有任何妥协退让。日本政府在中日四个政治文件中已就台湾问题作出郑重承诺，具有国际法效力，没有任何模糊、曲解的空间。无论日本哪个党派、哪个人执政，都必须恪守。人无信无以立身，国无信无以立世。中方敦促日方早日反思改错，不要执迷不悟。如果日方一意孤行、一错再错，一切主张正义的国家和人民，都有权利对日本的历史罪行进行再清算，都有责任坚决阻止日本军国主义死灰复燃。
中国 台湾,王毅：中方敦促日方早日反思改错，不要执迷不悟,2025-11-23 18:06:52,http://politics.people.com.cn/n1/2025/1123/c1001-40609738.html,新华社杜尚别11月23日电　11月19日至22日，中共中央政治局委员、外交部长王毅应邀赴吉尔吉斯斯坦、乌兹别克斯坦、塔吉克斯坦举行外长战略对话，并同三国领导人友好交流。访问结束后，王毅接受中国媒体采访。 　　王毅表示，在核心利益问题上坚定相互支持，这是中国-中亚命运共同体的应有之义。中方愿意做中亚和平、稳定、发展的坚定支持者和有力维护者，我们反对干涉中亚国家的内政，决不允许任何人、任何势力制造分裂和动荡。我向三国外长介绍了中国在台湾问题上的原则立场，揭露了日本现职领导人公然侵害中国核心利益、挑战二战后国际秩序的错误言行。三国公开强调，世界上只有一个中国，台湾是中国领土不可分割的一部分，反对任何形式的“台湾独立”，坚定支持中国政府为实现国家统一所作的一切努力。这一集体发声正当其时，既支持了中国在台湾问题上的正当立场，又维护了国际关系的基本准则，再次清晰表明，一个中国原则是国际社会不可动摇的普遍共识。 　　王毅说，今年是中国人民抗日战争暨世界反法西斯战争胜利80周年，把日本当年“窃取”的台湾归还中国明确规定于《开罗宣言》、《波茨坦公告》、日本投降书等一系列国际文件，是不可否认的二战胜利成果，也是日本作为战败国必须持续遵守的国际义务。在今年这一关键年头，日本最应该做的是，深刻反省当年侵略殖民台湾的历史，深刻反省军国主义犯下的战争罪行，在台湾和历史问题上遵规守矩、谨言慎行。但令人震惊的是，日本现职领导人竟然公开发出试图武力介入台湾问题的错误信号，讲了不该讲的话，越了不应碰的红线。中方必须予以坚决回击，这既是维护中国的主权与领土完整，也是捍卫用鲜血和生命换来的战后成果，维护国际正义和人类良知。 　　王毅表示，中国人民爱好和平、亲仁善邻，但在事关国家主权和领土完整的大是大非问题上，绝不会有任何妥协退让。日本政府在中日四个政治文件中已就台湾问题作出郑重承诺，具有国际法效力，没有任何模糊、曲解的空间。无论日本哪个党派、哪个人执政，都必须恪守。人无信无以立身，国无信无以立世。中方敦促日方早日反思改错，不要执迷不悟。如果日方一意孤行、一错再错，一切主张正义的国家和人民，都有权利对日本的历史罪行进行再清算，都有责任坚决阻止日本军国主义死灰复燃。
中国 台湾,王毅在结束对中亚三国访问后接受中国媒体采访,2025-11-24 05:55:58,http://politics.people.com.cn/n1/2025/1124/c1001-40609821.html,本报杜尚别11月23日电  11月19日至22日，中共中央政治局委员、外交部长王毅应邀赴吉尔吉斯斯坦、乌兹别克斯坦、塔吉克斯坦举行外长战略对话，并同三国领导人友好交流。访问结束后，王毅接受中国媒体采访。 　　一、此访正值中国共产党二十届四中全会胜利闭幕不久，请问中亚国家对此有何评价？ 　　王毅：三国领导人都热烈祝贺中共成功召开二十届四中全会，都高度重视“十五五”规划建议对中国未来经济社会发展做出的顶层设计，都对中国的发展振兴前景充满信心。我向三国介绍了“十五五”规划建议的重大意义和核心内涵，强调中方将发挥中国特色社会主义制度的独特优势，一张蓝图绘到底，一茬接着一茬干，在以习近平同志为核心的党中央领导下，接续奋斗推进中国式现代化，续写经济快速发展和社会长期稳定两大奇迹。中国坚持高质量发展，推进高水平开放，将为包括中亚国家在内周边邻国以及世界各国带来新的发展机遇，开拓新的合作空间。三国均高度认同中国的成功治理模式，愿意进一步借鉴有益的治国理政经验，期待中国为地区各国和世界提供更多的确定性和稳定性。 　　此行切身感到，三国政局保持稳定，相继进入经济快速发展、工业化起步加速的新时期，到处呈现生机勃勃的景象。作为三国的友好邻邦，我们为此感到高兴。明年是中国“十五五”规划开局之年，中方将以此为契机，同中亚各国扩大合作领域、丰富合作内容、提升合作质效、释放合作潜能，做奔向现代化道路上的同行者，开辟中国中亚合作高质量发展新境界，打造更加紧密的中国—中亚命运共同体。 　　二、当今世界变乱交织，各种挑战层出不穷，中国打算如何与中亚国家共同应对？ 　　王毅：习近平主席在上海合作组织天津峰会上郑重提出全球治理倡议，深刻阐述改革完善全球治理需要遵循的原则、方法和路径，为国际社会合力应对世界变局、破解紧迫难题提供了重要的国际公共产品，已经得到140多个国家和国际组织的欢迎支持。中亚三国高度赞赏习近平主席提出的全球发展倡议、全球安全倡议、全球文明倡议、全球治理倡议，认为这些重大倡议顺应各国人民普遍愿望，符合当今世界迫切需求。他们表示，中方在推进全球治理体系变革中已经并将继续发挥至关重要的引领作用。世界更加需要中国，更加依靠中国，更加信任中国。三国愿同中方一道，以实际行动践行真正的多边主义，共同维护以联合国为核心的国际体系、以国际法为基础的国际秩序，捍卫本地区各国的正当权益和国际公平正义。三国确认将参加全球治理之友小组，尽快加入国际调解院。中方欢迎中亚国家在国际和地区事务中发挥更大作用，愿同各方加大在多边舞台上的相互支持，共同壮大全球南方力量，共同发出全球正义之声，共同为构建更加公正合理的全球治理体系做出努力。 　　三、近年来，中国—中亚机制快速发展，请介绍一下合作的主要进展。 　　王毅：5年前，中国同中亚五国着眼合作需要，顺应时代潮流，共同创立了中国—中亚机制。2023年，中国—中亚机制升级至元首层级后，先后在中国西安和哈萨克斯坦阿斯塔纳两度成功举行峰会，机制建设的四梁八柱迅速成型，13个部级合作平台有效运作，机制常设秘书处全面运营，正在呈现出元首引领、政府推动、各界参与、多轨并行、全面推进的立体多元合作格局。 　　中国同中亚贸易水平不断攀升，已成为中亚最大贸易伙伴。今年前三季度，中国同中亚五国双边贸易额接近800亿美元、同比增长15.6%，全年有望突破1000亿美元大关。双方贸易结构正在不断优化，越来越多的中亚优质产品进入中国市场。 　　中国同中亚投资规模也在持续扩大。中国成为中亚国家主要投资来源国。截至目前，中国对中亚国家投资累计超过500亿美元，农业、能源、基础设施等传统领域持续巩固，5G、新能源、人工智能等新兴领域合作不断加强。 　　中国同中亚国家民间往来蓬勃发展。今年前三季度，中亚五国居民入境中国人数同比增长37.7%，中国内地居民赴中亚人数同比增长50%。中国同中亚国家直航航班已突破每周100次，友城数量达到100对。中国文化中心、孔子学院、鲁班工坊在中亚各国广受欢迎，发挥着传播友谊、促进合作的重要作用。 　　中方愿同中亚国家一道，锚定命运共同体奋斗目标，不断拓展合作领域、扩大合作规模、提升合作层级，在互利合作中加快共同发展，更好造福各国和各国人民。 　　四、一些主要域外力量纷纷同中亚国家建立C5+1机制。请问中国—中亚机制的优势何在？ 　　王毅：同其他C5+1机制相比，中国中亚合作的最大特点是毗邻而居、手足相亲；最大优势是互有需要、互为补充；最大共识是互利互惠、合作共赢。中国—中亚机制成立以来，我们立足中亚国家的现实需要，踏踏实实开展各领域务实合作，推动中国—中亚关系实现跨越式发展，形成全方位、宽领域、多层次合作格局，彰显出高效务实的鲜明和独特价值。今年6月召开的第二届中国—中亚峰会确立了以“互尊、互信、互利、互助，以高质量发展推进共同现代化”为核心的“中国—中亚精神”，揭示了中国同中亚国家友好交往的成功密码，为中国—中亚未来合作提供了根本遵循。 　　我们始终坚持国家不分大小一视同仁，协商一致作决策；我们始终坚持相互信任、相互支持，合作从不附带任何政治条件；我们始终坚持共同发展，携手应对各类风险挑战，维护地区共同安全。正因如此，中国—中亚机制在各类C5+1机制中脱颖而出，得到地区国家广泛认可和支持。中亚国家普遍认为，中国才是最可信赖和依靠的合作伙伴。 　　五、此行同三国外长发表的政治文件中，中亚国家均强调坚守一个中国原则。请问对此有何评价？ 　　王毅：在核心利益问题上坚定相互支持，这是中国—中亚命运共同体的应有之义。中方愿意做中亚和平、稳定、发展的坚定支持者和有力维护者，我们反对干涉中亚国家的内政，决不允许任何人、任何势力制造分裂和动荡。我向三国外长介绍了中国在台湾问题上的原则立场，揭露了日本现职领导人公然侵害中国核心利益、挑战二战后国际秩序的错误言行。三国公开强调，世界上只有一个中国，台湾是中国领土不可分割的一部分，反对任何形式的“台湾独立”，坚定支持中国政府为实现国家统一所作的一切努力。这一集体发声正当其时，既支持了中国在台湾问题上的正当立场，又维护了国际关系的基本准则，再次清晰表明，一个中国原则是国际社会不可动摇的普遍共识。 　　今年是中国人民抗日战争暨世界反法西斯战争胜利80周年，把日本当年“窃取”的台湾归还中国明确规定于《开罗宣言》、《波茨坦公告》、日本投降书等一系列国际文件，是不可否认的二战胜利成果，也是日本作为战败国必须持续遵守的国际义务。在今年这一关键年头，日本最应该做的是，深刻反省当年侵略殖民台湾的历史，深刻反省军国主义犯下的战争罪行，在台湾和历史问题上遵规守矩、谨言慎行。但令人震惊的是，日本现职领导人竟然公开发出试图武力介入台湾问题的错误信号，讲了不该讲的话，越了不应碰的红线。中方必须予以坚决回击，这既是维护中国的主权与领土完整，也是捍卫用鲜血和生命换来的战后成果，维护国际正义和人类良知。 　　中国人民爱好和平、亲仁善邻，但在事关国家主权和领土完整的大是大非问题上，绝不会有任何妥协退让。日本政府在中日四个政治文件中已就台湾问题作出郑重承诺，具有国际法效力，没有任何模糊、曲解的空间。无论日本哪个党派、哪个人执政，都必须恪守。人无信无以立身，国无信无以立世。中方敦促日方早日反思改错，不要执迷不悟。如果日方一意孤行、一错再错，一切主张正义的国家和人民，都有权利对日本的历史罪行进行再清算，都有责任坚决阻止日本军国主义死灰复燃。
中国 台湾,最没资格谈“台湾有事”的，就是日本（望海楼）,2025-11-22 05:18:32,http://opinion.people.com.cn/n1/2025/1122/c1003-40609212.html,日本首相高市早苗近日公然发表涉台露骨挑衅言论，宣称若中国大陆对台湾动武可能构成日本“存亡危机事态”。在中方多次严正交涉后，日方仍不思悔改，拒不撤回错误言论。这一行径严重违背一个中国原则，严重破坏中日关系政治基础，严重伤害中国人民感情，是对中国内政的粗暴干涉和对战后国际秩序的蓄意挑衅，必将遭到坚决反制和彻底失败。 　　在台湾问题上，日本是最没资格谈“有事”的一方。因为日本对中国人民负有历史罪责。 　　甲午战争后，日本强行侵占台湾，并进行长达半个世纪的殖民统治。日据时期，台湾人民灾难深重，数十万同胞被杀害，民众沦为“亡国奴”，毫无政治权利、信仰自由和文化自由，宝岛的矿产资源、民生物资遭疯狂掠夺。1945年，包括台湾同胞在内的全体中国军民浴血奋战，赢得抗日战争伟大胜利，光复台湾，终结了日本对台湾的侵占掠夺，结束了台湾人民被压迫、被奴役的悲惨历史。 　　台湾是中国领土不可分割的一部分，其地位问题早在1945年随着抗战胜利彻底解决。1972年中日邦交正常化时签署的《中日联合声明》明确规定，日本政府充分理解和尊重中国政府关于台湾是中国领土不可分割的一部分的立场。1978年两国缔结《中日和平友好条约》，再次就台湾等重大原则问题作出明确规定。无论日本哪个党派、哪个人执政，都必须坚持和恪守日本政府在台湾问题上的承诺，没有任何模糊、曲解的空间。 　　此番高市早苗抛出涉台谬论，无疑是对历史正义的公然挑衅。高市妄称台海局势“威胁日本存亡”，但台湾问题属于中国内政，与日本的“存亡危机”毫无关联。高市的言论充分暴露了日本右翼势力妄图借台海问题突破军事束缚的危险野心。早在上任前，高市早苗就曾多次炒作相关问题，甚至宣称一旦“台湾有事”，日本必定卷入。她还曾多次窜访台湾，与岛内“台独”势力勾肩搭背，为后者打“日本牌”牵线搭桥。这种一而再、再而三的挑衅行为，不仅践踏国际正义、挑衅战后国际秩序，更凸显日本右翼政客毫无历史良知、“唯恐台海不乱”的邪恶本质，让人有充分理由担心日本有重蹈军国主义覆辙的危险。 　　针对高市早苗的严重错误言论和恶劣态度，中国外交部、国防部、国台办及驻日本大使馆连续严正表态、严词警告。台湾社会各界连日来也纷纷表达强烈不满与批判。然而，在两岸中国人同声挞伐日方露骨挑衅之时，赖清德和民进党当局竟恬不知耻附和高市早苗言论，借机污蔑攻击大陆，完全丧失民族立场，与日本右翼政客沆瀣一气，站到了两岸广大同胞的对立面。如此奴颜婢膝、毫无底线“倚外谋独”，出卖台湾民众安全福祉，出卖中华民族根本利益，引发岛内舆论猛烈批评，必将被钉在历史的耻辱柱上。 　　世界上只有一个中国，台湾是中国的一部分。台湾问题是中国内政，不容任何外来干涉。80年前，中国打败日本侵略者，光复台湾。80年后的今天，谁再企图挑战中国核心利益，妄想阻挠中国统一大业，中国政府、中国人民、中国军队决不答应、决不容忍。 　　就在近期，中国第三艘航空母舰福建舰正式入列，新一代两栖攻击舰四川舰开展海试。不久前的九三阅兵，人民军队的钢铁洪流和尖端武器，更让世界见证了中国的经济实力、科技实力、综合国力和捍卫和平的强大能力。 　　台湾问题是中国核心利益中的核心，是不可触碰的红线和底线。妄图介入台海问题，日本既没有任何正当性，更不自量力。台湾是否有事，根本不是日本的事。借台湾生事，只会给日本找事。日方必须深刻反省历史，收回错误言论，以实际行动认错纠偏。如果一意孤行，在错误的道路上越走越远，执意要与14亿多中国人民为敌，那么等待它的，必将是比80年前更为彻底的失败。 　　（作者为本报评论员）
中国 台湾,“粉丝经济”这波流量，上海这几个区域接住了吗？,2025-11-22 09:18:14,http://sh.people.com.cn/n2/2025/1122/c134768-41419564.html,“上海被卜卜包围啦！”近日，上海街边出现了不少背着橙色“胡萝卜”挂件的年轻人，他们是五月天的粉丝“五迷”，而身上可爱的挂件，正是演唱会的热门周边衍生品“卜卜”。在中山公园地铁站，刚看完演唱会的杭州95后“五迷”小雨告诉记者，上周末两天，她已经在周边衍生品上花费了两千余元。 这个11月，上海的演唱会不少：在虹口足球场，11月1日有谭咏麟演唱会；11月15日—16日有梁静茹演唱会；在上海体育场，11月8日-10日及11月14日-16日，五月天连演6天；在梅赛德斯-奔驰文化中心，11月8日萧敬腾演唱会、11月14-15日黑眼豆豆演唱会、11月24-25日凯蒂・佩里世界巡演；在东方体育中心，11月8日刘宇演唱会…… 当演唱会的欢呼声响起，人们的热情不只停留在舞台前。它正催生出“粉丝经济”，成为拉动城市消费、连接文化、商业和旅游的新动力。随着天气转凉，上海体育场、虹口足球场等大型室外场所一年的演出也进入收官季。那么，“粉丝经济”这波流量，上海这几个区域接住了吗？ 属地服务：让“粉丝”心里暖暖的 “我之前遇到过增设高铁，但没想到上海做得那么好！”一位五月天的粉丝告诉记者。11月16日，看完演唱会已快到深夜，她打算连夜坐车回北京，赶上单位周一开会。最让她惊喜的是，上海站不仅增开了列车，还自发地进行装饰，“随处可见卜卜的指示牌，感觉心里特别暖”。 据介绍，11月16日深夜至11月17日凌晨，大批来自北京、南京、天津等地的歌迷在看完2025五月天演唱会上海站的演出后，返程时坐上了特殊的高铁——深夜加开的两趟演唱会专列。 这两趟在深夜至凌晨开行的专列，发车时间紧密衔接演唱会散场时段，让五迷看完终场大合唱就能无缝换乘，有效保障了次日不耽误工作或后续行程，解决了“深夜返程难”的痛点。 也在这天，虹口足球场内星光点点，梁静茹“Best，茹果我不唱情歌”演唱会开唱。而在场外，由欧阳路街道西部街区党群服务站搭建的“暖暖驿站”，同样人气十足。 西部街区党群服务站位于虹口足球场二楼平台靠近一号看台处，演唱会期间，党群服务站为往来歌迷免费提供热饮水、手机充电、座椅休憩、应急医疗等各类服务。驿站内的“爱茹潮水”互动区，成了歌迷们的情感磁场。 最具巧思的是“勇气接力”大挑战。“爱真的需要勇气……”歌迷小张鼓足了劲，全力延长“气”字尾音，试图突破最长计时纪录，最终成功拿到定制的演唱会冰箱贴。这个趣味活动的计时设计，嵌入了欧阳路街道的特殊信息。比如，24秒代表街道西部街区党支部成立。唱满24秒，可获小礼品。 “在演唱会场景中更好地融入党建、文化元素，是让党建工作显得更年轻化的一次尝试。听到很多年轻人感叹‘原来党群服务站这么暖心’，我们很欣慰。”欧阳路街道西部街区党支部书记周杰说。 虹口足球场相关工作人员告诉记者，今年虹口足球场一共举行了22场演唱会，接待歌迷58.4万人次。“我们在虹口足球场设有大型活动指挥中心，集结公安、轨交、安保、消防、主办、票务等多重力量。一般每场演唱会结束，地铁3号线和8号线都会卡点增开3-5班列车，交警也会在四川北路等周边通道做临时道路管控，确保人流有序通过。” 梅奔的出入口连接着浦东上钢新村街道，这里是演唱会大客流的第一站。据街道介绍，为了让观众顺利观演，管理单位采用“三时工作法”：演出前3小时完成周边清扫，入场前45分钟安排公安、城管和志愿者引导，散场前30分钟启动无人机监测和清运准备。这套保障体系让大流量观众有序进出，保障演唱会的安全。据了解，截至2025年11月20日，上钢新村街道开展梅赛德斯奔驰文化中心各类演艺活动大客流保障77场，保障人数超过82万人次。 记者从徐家汇街道获悉，大型演唱会举办前3-5天，属地管理部门牵头飞洲国际、星游城等上海体育场周边的8个重点商业楼宇负责人召开保障专题会，提前制定应急预案；演唱会当天下午2时起，街道安排营商办专属楼长驻场重点商场的客流密集区，实时监测商场人流变化、设施运行情况，协调解决人员拥挤、消费纠纷等突发问题，确保演唱会周边区域的平稳有序。 文旅商体展联动：全城打卡，快闪店火爆 上海为粉丝们铺开了一张巨大的“游乐地图”——一场演唱会从场馆内延伸到整座城市，前滩、东方明珠、北外滩……地图上散布着一个个充满惊喜的“点”，通过打卡、互动，将对偶像的喜爱延伸为一次深度城市旅行。 11月18日，五月天演唱会落幕，但粉丝的热情却从前滩太古里找到了新的出口。记者在现场看到，这里的Maydayland主题特展和快闪店依然是人气焦点，时不时可以看到粉丝带着行李箱前来“扫货”。 顺丰快递工作人员介绍：“这段时间每天要收发的快递比平时多一两百单，基本都是粉丝购买的五月天主题衣服、盲盒和各种周边产品，打包都忙不过来。” 这一幕，与上月周杰伦演唱会收官后的情景如出一辙。当时，静安大悦城的“周同学”快闪店也经历了同样的热度延续。许多在场外听完演唱会的观众，又纷纷来到这里购买纪念品。 记者在现场遇到了26岁的粉丝问问及其朋友，为了享受满减优惠，两人选购了价值约1000元的“周同学”毛绒盲盒，还因消费满额获赠了价值598元的IP皮质抱枕。“这些周边既能留作纪念，也能日常用，多买些也值得。”问问笑着说。 如果说购买周边是粉丝将热爱“私有化”的仪式，那么遍布全城的主题打卡，则是一场将个人情感融入城市空间的公共庆典。它成功地将一场仅持续数小时的演唱会，延展为一次深度探索城市的文旅体验。 对于许多“五迷”而言，迪士尼本就是行程单上与演唱会并存的“打卡圣地”。今年双方合作更进一步：五月天的经典歌曲《派对动物》被选为迪士尼年度大片《疯狂动物城2》的中文主题曲，实现了从线下演出到线上内容的“梦幻联动”。 11月18日电影首映日，记者在乐园现场看到，许多年轻粉丝精心佩戴着演唱会热门周边“卜卜”胡萝卜挂件，聚集在梦幻城堡前。他们伴随着手机外放的《派对动物》歌声，自发哼唱、挥手，与朋友们录制下一段段充满活力的打卡视频，十分热闹。 上海的粉丝经济早已超越单一演艺范畴，展现出多产业融合的成熟模式。 徐家汇商城集团商圈发展部相关负责人告诉记者，周杰伦演唱会期间，商圈增长最为显著的主要集中在“潮玩”和“餐饮”两个板块。徐家汇美罗城今年陆续新开Jump shop等人气二次元商店，是很多来看演唱会的年轻人的“必打卡地”。餐饮类商户也借助演唱会及快闪活动带来的巨大人流，客流量和翻台率明显增加。部分火锅店开拓了夜间粉丝包场业务，让听完演唱会的粉丝团也有持续释放情绪的消费场景。 在周杰伦演唱会期间，上海联合久事文传创新推出的“乐游上海寻找周同学”活动，通过主题公交专线串联起六大城市地标，形成“下车即打卡、打卡即消费”的闭环。 上海甚至构建了“水陆空”立体体验网络——从陆上主题公交、水上主题游船到空中主题航班，共同将整座城市转化为一个巨大的沉浸式主题公园。据久事文传项目负责人介绍，这一创新模式总参与人次近145万，全网曝光超3亿，以实打实的数据印证了“打卡经济”的巨大能量。 11月16日，东方明珠塔承接了五月天阿信的潮牌STAYREAL的粉丝经济溢出效应，推出全新企划“mojo happy world”，开设快闪商店并推出名为“mojo tasty buffet”的自助餐产品，品牌标志性的胡萝卜“卜卜”登上了直升机从陆家嘴的天空穿过。 票根经济：演唱会周边商圈客流激增，对餐饮类带动更明显 演唱会所在的区域，也紧紧抓住“粉丝经济”“票根经济”做起了大文章。 4月17日，虹口区商务委牵头成立“票根经济联盟”。通过票根串联各类消费场景，从开始的立足粉丝经济拓展票根经济的“延时功能”，以“宠粉”带动经济，到之后的精准营销与需求匹配，定制个性化服务。 8月至9月邓紫棋演唱会期间，凯德虹口商业中心联动邓紫棋官方快闪店，落地邓紫棋大陆周边店首展。12场演唱会举办期间，商场日均客流同比增长超40%，日均销售额同比提升超20%。 此外，每场演唱会，凯德虹口商业中心结合不同主题美陈打造粉丝专属“痛楼”，场内超过50家租户提供票根福利，凭项目定制演唱会票根，至指定租户消费，享粉丝提供专属优惠折扣。粉丝通过参与消费满额抽奖，还有机会赢取虹口足球场演唱会包厢入场福利。 记者走访发现，目前演唱会对餐饮类商户拉动更为明显。比如，虹口足球场附近的味千拉面，演唱会期间人流量增加50%以上，为此专门将营业时间从晚10时延长至10:40，单这40分钟的营业额也超过5000元。刚开业不到一年的糕潮面包店，演唱会期间营业额也增加40%。相比之下，回力运动商店店员介绍，人流增加20%，但消费量转化不算明显。 今年是徐家汇体育公园最热闹的一年，凭借丰富的票根联动经验，徐家汇商圈第一时间开启了“票根经济”模式。在商圈内，观演者可以凭票根享受到免费赠饮、用餐优惠、购物满减等福利，完成小型打卡任务还能领取演唱会的限量周边。 一系列举措让徐家汇商圈今年的“赛娱经济”推广效果非常显著。从数据上看，参与票根联动的商户，销售额同比平均提升了约15%，客流同比提升了约10%。部分延时营业的商户通过举办粉丝主题活动，夜间销售额同比增幅超过了30%。 浦东前滩太古里三楼VR体验室旁的一家咖啡店，因紧邻快闪店排队区域，成为粉丝等候期间的首选休憩点。店主告诉记者，不少粉丝在排队间隙前往店内点购饮品、短暂休息，使得咖啡店的客流量较往日显著提升，营业额也随之同步增长，每天能比之前多卖四五十杯。 商圈内还推出了针对性优惠活动。太古里二楼一家湘菜馆的工作人员介绍：“我们和商场达成了合作，只要消费者出示五月天演唱会门票，到店消费就能享受九折优惠。”比起快闪店之前，每天都多出十多桌客人，引流效果显著。 浦东世博片区也以“票根”为纽带，连接文化和商业。比如，五月天演唱会期间，前滩太古里等商圈推出凭票享餐饮优惠、购物折扣等活动；今年9月，梅奔中心还曾推出过“票根专属福利”活动，观众上传票根可兑换餐饮、娱乐等14家合作商户的优惠券，实现“一张票根，全城乐享”。演唱会不仅拉动餐饮、零售等即时消费，还吸引观众成为“回头客”，带动住宿和旅游，形成“看演出—逛商场—享生活”的完整链条。 记者手记：让“粉丝经济”产生长尾效应 2009年3月，中国台湾歌手陈绮贞来到彼时的上海大舞台举办演唱会，很多“非粉”惊讶这么一位“小众歌手”竟然能支撑起一座万人场馆，甚至演出门票几乎售罄。当时有陈绮贞的歌迷在“豆瓣”小组中回应，“是最早一批听陈绮贞歌曲的学生长大赚钱了。” 歌手、明星艺人一代接一代，但任凭大环境如何变化，能够支撑起线下演艺市场的艺人都有一个共性，即“作品为王”。始终有粉丝“买单”的歌手，都有强大的作品库作为支撑。 因此，当短短两三个小时的观演体验还不足以释放人们的热情与感动，相应的演唱会文创周边、线下打卡活动便成为“情绪价值体验”的延伸，人们花费几十至数百元不等购买明星IP的娃娃、毛绒玩具，认定的是其背后的IP价值。 以被网友称为“QQ音乐三巨头”之一的汪苏泷为例，其个人原创IP“素龙”借助巡回演唱会在多地举办的契机，已形成一套专门的消费链条。粉丝们观看演唱会期间，即便实行了限购，热门商品仍经常开售即售罄，不少粉丝追了数场演唱会后才集齐了全套周边产品。 当明星纷纷在举办演唱会、发表付费歌曲之外开始贩售实体商品，涉足泛文旅项目，“演唱会”作为经济增长点的身份开始被人正视，并在近年来迅速成为新的消费热点。如何让演唱会的经济价值保持热度，并为举办地带来更多长尾效应？ 在上海师范大学旅游学院讲师关旭看来，除票房外，演唱会产生的经济价值可分为三个层次：第一层是与演唱会同时发生的配套消费行为，如交通、住宿、餐饮；第二层是演唱会前后可能发生，但非必要的消费，如举办地的观光游览等；第三层是更深入的长尾效应，包括线上话题讨论、打卡地标的持续性人流导入，还有城市与歌手本人的人文纽带产生的经典回忆，譬如香港红磡体育馆是很多歌手希望登台开场的“红馆”，自然成为不少粉丝到港的“必打卡地”。 作为情绪价值的产物，与文旅深度融合是演唱会发挥经济价值的关键——属地政府提供“主客共享”的舒适、便捷服务，明星艺人呈现最佳演出效果，观演人群尊重在地文化与城市秩序。 城市文旅的供给多样化也十分重要，要有深耕某一细分市场的旅游企业，才能实现旅游业高质量供给。
中国 台湾,中国和塔吉克斯坦外长首次战略对话在杜尚别成功举行,2025-11-22 21:03:25,http://politics.people.com.cn/n1/2025/1122/c1001-40609497.html,新华社杜尚别11月22日电（记者姜贺轩　张超群）11月22日，中共中央政治局委员、外交部长王毅在杜尚别同塔吉克斯坦外长穆赫里丁举行首次战略对话。双方就落实两国元首共识、深化互利合作进行深入沟通，达成广泛共识，共同启动两国外长战略对话机制。 　　王毅表示，在习近平主席和拉赫蒙总统战略引领下，中塔关系不断迈上新台阶。两国元首今年两度会晤，为双边关系发展作出新的部署。中方愿同塔方以元首共识为遵循，从战略高度看待和发展双边关系，赓续世代友好，高质量共建“一带一路”，推动中塔新时代全面战略合作伙伴关系取得新进展。 　　王毅介绍了中共二十届四中全会有关情况，表示科学制定和接续实施五年规划，是中国共产党治国理政的重要经验，也是中国特色社会主义的重要政治优势。面对变乱交织的国际形势，双方启动战略对话机制正当其时。王毅就此提出5点建议： 　　一是坚定相互支持。中方将一如既往支持塔方走符合本国国情的发展道路。感谢塔方在台湾等涉及中方核心利益问题上予以坚定支持。中方绝不允许日本右翼势力开历史倒车，绝不允许外部势力染指中国台湾地区，绝不允许日本军国主义死灰复燃，将同各方一道维护一个中国原则的国际共识，共同维护二战胜利成果。 　　二是推进互利合作。双方要持续提升经贸投资规模，发挥中塔政府间经贸合作委员会等平台作用。 　　三是深化人文交流。双方要充分发挥孔子学院、鲁班工坊、中医药中心、健康快车防盲中心作用，加快推进互设文化中心。 　　四是加强安全合作。双方要携手应对各类风险挑战，落实好共同推进全球安全倡议合作谅解备忘录。 　　五是密切多边协作。中方支持塔方在联合国等平台发挥更大作用，愿同塔方一道，共同践行四大全球倡议。欢迎塔方决定加入国际调解院。 　　穆赫里丁表示，在两国元首战略引领下，塔中关系保持良好发展，各领域合作取得积极成果。塔方愿同中方携手努力，全面落实两国元首重要共识，密切各层级往来。塔方坚定不移恪守一个中国原则，坚定支持中方在台湾问题上的严正立场，坚定支持中方维护主权和领土完整、实现国家完全统一。习近平主席提出的全球治理倡议体现了世界级领袖的视野和担当，塔方完全支持，愿同中方共同落实四大全球倡议，并决定加入国际调解院。 　　会谈后，双方发表《中华人民共和国和塔吉克斯坦共和国外交部长首次战略对话联合声明》。
中国 台湾,中国和塔吉克斯坦外长首次战略对话在杜尚别成功举行,2025-11-22 21:14:17,http://politics.people.com.cn/n1/2025/1122/c1001-40609498.html,新华社杜尚别11月22日电（记者姜贺轩　张超群）11月22日，中共中央政治局委员、外交部长王毅在杜尚别同塔吉克斯坦外长穆赫里丁举行首次战略对话。双方就落实两国元首共识、深化互利合作进行深入沟通，达成广泛共识，共同启动两国外长战略对话机制。 　　王毅表示，中国和塔吉克斯坦是山水相连的好朋友、好伙伴。在习近平主席和拉赫蒙总统战略引领下，中塔关系不断迈上新台阶。两国元首今年两度会晤，为双边关系发展作出新的部署。中方愿同塔方以元首共识为遵循，从战略高度看待和发展双边关系，赓续世代友好，高质量共建“一带一路”，推动中塔新时代全面战略合作伙伴关系取得新进展。 　　王毅介绍了中共二十届四中全会有关情况，表示科学制定和接续实施五年规划，是中国共产党治国理政的重要经验，也是中国特色社会主义的重要政治优势。越来越多国家认同中国的治理模式，希望加强经验交流。中方有信心如期实现第二个百年目标，中国的高质量发展和高水平开放也将为塔方和各国带来发展新机遇，开辟合作新前景。面对变乱交织的国际形势，双方启动战略对话机制正当其时，有利于加强战略沟通，夯实战略互信，共同应对新挑战新风险，维护国际和地区和平稳定，为构建更加紧密的中塔命运共同体提供新动力。王毅就此提出5点建议： 　　一是坚定相互支持。这是中塔新时代全面战略合作伙伴关系的核心要义和鲜明特征。中方将一如既往支持塔方走符合本国国情的发展道路，支持塔方维护国家安全和发展采取的各项措施，反对外部势力以任何借口干涉塔方内政。无论国际形势如何变化，中方永远是塔方可以信赖的可靠伙伴。感谢塔方在台湾等涉及中方核心利益问题上予以坚定支持。中方绝不允许日本右翼势力开历史倒车，绝不允许外部势力染指中国台湾地区，绝不允许日本军国主义死灰复燃，将同各方一道维护一个中国原则的国际共识，共同维护二战胜利成果。 　　二是推进互利合作。双方要持续提升经贸投资规模，发挥中塔政府间经贸合作委员会等平台作用。中方愿扩大进口塔优质农产品，鼓励有实力中国企业赴塔投资。深化互联互通合作，拓展矿产资源开发，落实好中塔关键矿产投资合作文件和中国－中亚绿色矿产合作谅解备忘录。 　　三是深化人文交流。双方要充分发挥孔子学院、鲁班工坊、中医药中心、健康快车防盲中心作用，加快推进互设文化中心。激发地方合作活力，提升友城交往水平，为中塔友好发展汇聚合力。 　　四是加强安全合作。中塔是安危与共的战略伙伴，双方要携手应对各类风险挑战，落实好共同推进全球安全倡议合作谅解备忘录，扎实做好双边联巡，防范恐怖势力渗透蔓延，筑牢两国发展的安全屏障。 　　五是密切多边协作。中方支持塔方在联合国等平台发挥更大作用，愿同塔方一道，共同践行四大全球倡议，维护以联合国为核心的国际体系，加强在上海合作组织、中国－中亚机制内的协作。欢迎塔方决定加入国际调解院。 　　穆赫里丁表示，塔吉克斯坦和中国是友好近邻和真诚朋友，两国关系始终基于相互理解、相互信任、相互支持。在两国元首战略引领下，塔中关系保持良好发展，各领域合作取得积极成果，感谢中方长期以来为塔发展提供的宝贵支持。塔方愿同中方携手努力，全面落实两国元首重要共识，密切各层级往来，推进共建“一带一路”，深化经贸投资、互联互通、绿色矿产等各领域合作，扩大人文交流，更好造福两国人民。塔方坚定不移恪守一个中国原则，坚定支持中方在台湾问题上的严正立场，坚定支持中方维护主权和领土完整、实现国家完全统一。习近平主席提出的全球治理倡议体现了世界级领袖的视野和担当，塔方完全支持，愿同中方共同落实四大全球倡议，并决定加入国际调解院。 　　双方还就阿富汗问题交换了意见。王毅表示，阿富汗是中塔搬不走的共同邻居，中方愿着眼地区和平稳定，继续与塔方在阿富汗问题上加强协作，支持阿富汗推进重建发展。 　　会谈后，双方发表《中华人民共和国和塔吉克斯坦共和国外交部长首次战略对话联合声明》。
中国 台湾,中华人民共和国和塔吉克斯坦共和国外交部长首次战略对话联合声明,2025-11-22 21:25:17,http://politics.people.com.cn/n1/2025/1122/c1001-40609499.html,新华社杜尚别11月22日电 　　 　　应塔吉克斯坦共和国外交部长西罗吉丁·穆赫里丁邀请，中华人民共和国外交部长王毅于2025年11月21日至22日访问塔吉克斯坦共和国，双方举行首次中塔外长战略对话。 　　两国外长在传统热情友好的氛围中举行内容丰富并具有建设性的对话，就中塔互利合作的广泛议题交换意见。 　　一、双方指出，在两国元首的战略引领下，中塔新时代全面战略合作伙伴关系在各领域保持稳定发展，达到新的高水平并保持强劲势头，成为相互信任、相互支持、相互帮助的邻国关系典范。 　　二、双方愿全面落实两国元首共识，不断深化各领域合作，维护共同战略、安全和发展利益。 　　三、塔方高度评价中国共产党二十届四中全会胜利召开，认为这一重要会议将进一步促进中国高质量发展和国际社会互利共赢合作。 　　四、中方高度评价在拉赫蒙总统领导下，塔吉克斯坦在维护国家主权、安全和领土完整，促进经济发展方面取得的成就。 　　五、双方指出，两国关系在各领域积极发展符合双方共同利益。建立外长战略对话机制对深化中塔新时代全面战略合作伙伴关系具有重要意义。 　　六、双方对过去十年两国高层交往进行的坦诚、互信和建设性对话，以及现有政治、外交、经贸和人文领域合作机制表示满意，这为中塔合作高效发展奠定了坚实基础。 　　七、双方商定，将在涉及国家主权、安全和领土完整等核心利益问题上继续坚定相互支持。 　　八、双方将履行自身义务，决不允许第三国或任何组织、团体在本国境内从事损害对方国家主权、安全、边界不可侵犯和领土完整的任何行为。 　　九、塔方重申坚定支持一个中国原则，承认世界上只有一个中国，台湾是中国领土不可分割的一部分，中华人民共和国政府是代表全中国的唯一合法政府。塔方坚决反对任何形式的“台湾独立”，坚定支持中国政府为维护国家主权、领土完整，实现国家统一所作的一切努力。双方认为，联合国大会第2758号决议的权威性不容置疑。中方坚定支持塔方自主选择发展道路，支持塔方推行的内外政策。 　　十、中方一贯坚定支持塔吉克斯坦独立、主权和领土完整，支持塔方为维护国家安全稳定、促进国家发展繁荣、弘扬全人类共同价值所作的努力。 　　十一、双方反对将人权议题政治化，反对“双重标准”及利用人权问题干涉主权国家内政，愿共同推动人权领域的各项国际议程取得建设性发展。 　　十二、双方将全面推进高效落实两国元首共识，愿继续保持两国元首及高层密切往来，保障现有政府间、地方间及民间交往机制有效运行。 　　十三、双方愿进一步加强绿色矿产领域合作，发挥好中塔政府间经贸合作委员会作用，开展绿色开发合作。 　　十四、双方同意加紧推进共建“一带一路”倡议和塔2030年前国家发展战略对接，全面落实已达成的各项共识和协议。双方将持续推进经贸、投资、互联互通、新能源、新技术和人工智能、文化、卫生、生态环保、地方等领域合作，不断充实全面战略合作伙伴关系内涵，巩固友好和伙伴关系，在双边层面践行命运共同体。 　　十五、双方认为，安全领域高效的协作体现了两国高水平互信。双方支持安全和边防领域主管部门保持密切联系，扩大打击“三股势力”、毒品贩运、网络犯罪和跨国有组织犯罪的情报交流。 　　十六、双方高度评价并愿继续深化在联合国、上海合作组织和亚洲相互协作与信任措施会议框架内的互信和全方位战略合作，致力于共同解决国际和地区问题。 　　十七、双方愿共同推动在人类命运共同体、全球发展倡议、全球安全倡议、全球文明倡议和全球治理倡议等重大理念和倡议框架下合作。 　　十八、中方支持推动落实塔吉克斯坦提出的“杜尚别水进程”“国际冰川保护”“杜尚别反恐进程”等全球倡议。 　　十九、双方认为，中国－中亚机制是推动地区多边合作的有效平台，愿携手推进机制进一步发展。 　　二十、双方高度评价首次外长战略对话成果，认为该机制成为双方推动优先领域合作和就共同关心的国际和地区问题交换意见的新的高级别平台。
中国 台湾,中国和塔吉克斯坦外长首次战略对话在杜尚别成功举行,2025-11-23 05:42:15,http://politics.people.com.cn/n1/2025/1123/c1001-40609528.html,本报杜尚别11月22日电  （记者李强）11月22日，中共中央政治局委员、外交部长王毅在杜尚别同塔吉克斯坦外长穆赫里丁举行首次战略对话。双方就落实两国元首共识、深化互利合作进行深入沟通，达成广泛共识，共同启动两国外长战略对话机制。 　　王毅表示，在习近平主席和拉赫蒙总统战略引领下，中塔关系不断迈上新台阶。两国元首今年两度会晤，为双边关系发展作出新的部署。中方愿同塔方以元首共识为遵循，从战略高度看待和发展双边关系，赓续世代友好，高质量共建“一带一路”，推动中塔新时代全面战略合作伙伴关系取得新进展。 　　王毅介绍了中共二十届四中全会有关情况，表示科学制定和接续实施五年规划，是中国共产党治国理政的重要经验，也是中国特色社会主义的重要政治优势。面对变乱交织的国际形势，双方启动战略对话机制正当其时。王毅就此提出5点建议： 　　一是坚定相互支持。中方将一如既往支持塔方走符合本国国情的发展道路。感谢塔方在台湾等涉及中方核心利益问题上予以坚定支持。中方绝不允许日本右翼势力开历史倒车，绝不允许外部势力染指中国台湾地区，绝不允许日本军国主义死灰复燃，将同各方一道维护一个中国原则的国际共识，共同维护二战胜利成果。 　　二是推进互利合作。双方要持续提升经贸投资规模，发挥中塔政府间经贸合作委员会等平台作用。 　　三是深化人文交流。双方要充分发挥孔子学院、鲁班工坊、中医药中心、健康快车防盲中心作用，加快推进互设文化中心。 　　四是加强安全合作。双方要携手应对各类风险挑战，落实好共同推进全球安全倡议合作谅解备忘录。 　　五是密切多边协作。中方支持塔方在联合国等平台发挥更大作用，愿同塔方一道，共同践行四大全球倡议。欢迎塔方决定加入国际调解院。 　　穆赫里丁表示，在两国元首战略引领下，塔中关系保持良好发展，各领域合作取得积极成果。塔方愿同中方携手努力，全面落实两国元首重要共识，密切各层级往来。塔方坚定不移恪守一个中国原则，坚定支持中方在台湾问题上的严正立场，坚定支持中方维护主权和领土完整、实现国家完全统一。习近平主席提出的全球治理倡议体现了世界级领袖的视野和担当，塔方完全支持，愿同中方共同落实四大全球倡议，并决定加入国际调解院。 　　会谈后，双方发表《中华人民共和国和塔吉克斯坦共和国外交部长首次战略对话联合声明》。
中国 台湾,中华人民共和国和塔吉克斯坦共和国外交部长首次战略对话联合声明,2025-11-23 07:57:24,http://cpc.people.com.cn/n1/2025/1123/c64387-40609563.html,应塔吉克斯坦共和国外交部长西罗吉丁·穆赫里丁邀请，中华人民共和国外交部长王毅于2025年11月21日至22日访问塔吉克斯坦共和国，双方举行首次中塔外长战略对话。 　　两国外长在传统热情友好的氛围中举行内容丰富并具有建设性的对话，就中塔互利合作的广泛议题交换意见。 　　一、双方指出，在两国元首的战略引领下，中塔新时代全面战略合作伙伴关系在各领域保持稳定发展，达到新的高水平并保持强劲势头，成为相互信任、相互支持、相互帮助的邻国关系典范。 　　二、双方愿全面落实两国元首共识，不断深化各领域合作，维护共同战略、安全和发展利益。 　　三、塔方高度评价中国共产党二十届四中全会胜利召开，认为这一重要会议将进一步促进中国高质量发展和国际社会互利共赢合作。 　　四、中方高度评价在拉赫蒙总统领导下，塔吉克斯坦在维护国家主权、安全和领土完整，促进经济发展方面取得的成就。 　　五、双方指出，两国关系在各领域积极发展符合双方共同利益。建立外长战略对话机制对深化中塔新时代全面战略合作伙伴关系具有重要意义。 　　六、双方对过去十年两国高层交往进行的坦诚、互信和建设性对话，以及现有政治、外交、经贸和人文领域合作机制表示满意，这为中塔合作高效发展奠定了坚实基础。 　　七、双方商定，将在涉及国家主权、安全和领土完整等核心利益问题上继续坚定相互支持。 　　八、双方将履行自身义务，决不允许第三国或任何组织、团体在本国境内从事损害对方国家主权、安全、边界不可侵犯和领土完整的任何行为。 　　九、塔方重申坚定支持一个中国原则，承认世界上只有一个中国，台湾是中国领土不可分割的一部分，中华人民共和国政府是代表全中国的唯一合法政府。塔方坚决反对任何形式的“台湾独立”，坚定支持中国政府为维护国家主权、领土完整，实现国家统一所作的一切努力。双方认为，联合国大会第2758号决议的权威性不容置疑。中方坚定支持塔方自主选择发展道路，支持塔方推行的内外政策。 　　十、中方一贯坚定支持塔吉克斯坦独立、主权和领土完整，支持塔方为维护国家安全稳定、促进国家发展繁荣、弘扬全人类共同价值所作的努力。 　　十一、双方反对将人权议题政治化，反对“双重标准”及利用人权问题干涉主权国家内政，愿共同推动人权领域的各项国际议程取得建设性发展。 　　十二、双方将全面推进高效落实两国元首共识，愿继续保持两国元首及高层密切往来，保障现有政府间、地方间及民间交往机制有效运行。 　　十三、双方愿进一步加强绿色矿产领域合作，发挥好中塔政府间经贸合作委员会作用，开展绿色开发合作。 　　十四、双方同意加紧推进共建“一带一路”倡议和塔2030年前国家发展战略对接，全面落实已达成的各项共识和协议。双方将持续推进经贸、投资、互联互通、新能源、新技术和人工智能、文化、卫生、生态环保、地方等领域合作，不断充实全面战略合作伙伴关系内涵，巩固友好和伙伴关系，在双边层面践行命运共同体。 　　十五、双方认为，安全领域高效的协作体现了两国高水平互信。双方支持安全和边防领域主管部门保持密切联系，扩大打击“三股势力”、毒品贩运、网络犯罪和跨国有组织犯罪的情报交流。 　　十六、双方高度评价并愿继续深化在联合国、上海合作组织和亚洲相互协作与信任措施会议框架内的互信和全方位战略合作，致力于共同解决国际和地区问题。 　　十七、双方愿共同推动在人类命运共同体、全球发展倡议、全球安全倡议、全球文明倡议和全球治理倡议等重大理念和倡议框架下合作。 　　十八、中方支持推动落实塔吉克斯坦提出的“杜尚别水进程”“国际冰川保护”“杜尚别反恐进程”等全球倡议。 　　十九、双方认为，中国—中亚机制是推动地区多边合作的有效平台，愿携手推进机制进一步发展。 　　二十、双方高度评价首次外长战略对话成果，认为该机制成为双方推动优先领域合作和就共同关心的国际和地区问题交换意见的新的高级别平台。 　　（新华社杜尚别11月22日电）
中国 台湾,中国和塔吉克斯坦外长首次战略对话在杜尚别成功举行,2025-11-23 08:14:50,http://cpc.people.com.cn/n1/2025/1123/c64094-40609572.html,本报杜尚别11月22日电  （记者李强）11月22日，中共中央政治局委员、外交部长王毅在杜尚别同塔吉克斯坦外长穆赫里丁举行首次战略对话。双方就落实两国元首共识、深化互利合作进行深入沟通，达成广泛共识，共同启动两国外长战略对话机制。 　　王毅表示，在习近平主席和拉赫蒙总统战略引领下，中塔关系不断迈上新台阶。两国元首今年两度会晤，为双边关系发展作出新的部署。中方愿同塔方以元首共识为遵循，从战略高度看待和发展双边关系，赓续世代友好，高质量共建“一带一路”，推动中塔新时代全面战略合作伙伴关系取得新进展。 　　王毅介绍了中共二十届四中全会有关情况，表示科学制定和接续实施五年规划，是中国共产党治国理政的重要经验，也是中国特色社会主义的重要政治优势。面对变乱交织的国际形势，双方启动战略对话机制正当其时。王毅就此提出5点建议： 　　一是坚定相互支持。中方将一如既往支持塔方走符合本国国情的发展道路。感谢塔方在台湾等涉及中方核心利益问题上予以坚定支持。中方绝不允许日本右翼势力开历史倒车，绝不允许外部势力染指中国台湾地区，绝不允许日本军国主义死灰复燃，将同各方一道维护一个中国原则的国际共识，共同维护二战胜利成果。 　　二是推进互利合作。双方要持续提升经贸投资规模，发挥中塔政府间经贸合作委员会等平台作用。 　　三是深化人文交流。双方要充分发挥孔子学院、鲁班工坊、中医药中心、健康快车防盲中心作用，加快推进互设文化中心。 　　四是加强安全合作。双方要携手应对各类风险挑战，落实好共同推进全球安全倡议合作谅解备忘录。 　　五是密切多边协作。中方支持塔方在联合国等平台发挥更大作用，愿同塔方一道，共同践行四大全球倡议。欢迎塔方决定加入国际调解院。 　　穆赫里丁表示，在两国元首战略引领下，塔中关系保持良好发展，各领域合作取得积极成果。塔方愿同中方携手努力，全面落实两国元首重要共识，密切各层级往来。塔方坚定不移恪守一个中国原则，坚定支持中方在台湾问题上的严正立场，坚定支持中方维护主权和领土完整、实现国家完全统一。习近平主席提出的全球治理倡议体现了世界级领袖的视野和担当，塔方完全支持，愿同中方共同落实四大全球倡议，并决定加入国际调解院。 　　会谈后，双方发表《中华人民共和国和塔吉克斯坦共和国外交部长首次战略对话联合声明》。
中国 台湾,中华人民共和国和塔吉克斯坦共和国外交部长首次战略对话联合声明,2025-11-23 05:42:15,http://politics.people.com.cn/n1/2025/1123/c1001-40609529.html,应塔吉克斯坦共和国外交部长西罗吉丁·穆赫里丁邀请，中华人民共和国外交部长王毅于2025年11月21日至22日访问塔吉克斯坦共和国，双方举行首次中塔外长战略对话。 　　两国外长在传统热情友好的氛围中举行内容丰富并具有建设性的对话，就中塔互利合作的广泛议题交换意见。 　　一、双方指出，在两国元首的战略引领下，中塔新时代全面战略合作伙伴关系在各领域保持稳定发展，达到新的高水平并保持强劲势头，成为相互信任、相互支持、相互帮助的邻国关系典范。 　　二、双方愿全面落实两国元首共识，不断深化各领域合作，维护共同战略、安全和发展利益。 　　三、塔方高度评价中国共产党二十届四中全会胜利召开，认为这一重要会议将进一步促进中国高质量发展和国际社会互利共赢合作。 　　四、中方高度评价在拉赫蒙总统领导下，塔吉克斯坦在维护国家主权、安全和领土完整，促进经济发展方面取得的成就。 　　五、双方指出，两国关系在各领域积极发展符合双方共同利益。建立外长战略对话机制对深化中塔新时代全面战略合作伙伴关系具有重要意义。 　　六、双方对过去十年两国高层交往进行的坦诚、互信和建设性对话，以及现有政治、外交、经贸和人文领域合作机制表示满意，这为中塔合作高效发展奠定了坚实基础。 　　七、双方商定，将在涉及国家主权、安全和领土完整等核心利益问题上继续坚定相互支持。 　　八、双方将履行自身义务，决不允许第三国或任何组织、团体在本国境内从事损害对方国家主权、安全、边界不可侵犯和领土完整的任何行为。 　　九、塔方重申坚定支持一个中国原则，承认世界上只有一个中国，台湾是中国领土不可分割的一部分，中华人民共和国政府是代表全中国的唯一合法政府。塔方坚决反对任何形式的“台湾独立”，坚定支持中国政府为维护国家主权、领土完整，实现国家统一所作的一切努力。双方认为，联合国大会第2758号决议的权威性不容置疑。中方坚定支持塔方自主选择发展道路，支持塔方推行的内外政策。 　　十、中方一贯坚定支持塔吉克斯坦独立、主权和领土完整，支持塔方为维护国家安全稳定、促进国家发展繁荣、弘扬全人类共同价值所作的努力。 　　十一、双方反对将人权议题政治化，反对“双重标准”及利用人权问题干涉主权国家内政，愿共同推动人权领域的各项国际议程取得建设性发展。 　　十二、双方将全面推进高效落实两国元首共识，愿继续保持两国元首及高层密切往来，保障现有政府间、地方间及民间交往机制有效运行。 　　十三、双方愿进一步加强绿色矿产领域合作，发挥好中塔政府间经贸合作委员会作用，开展绿色开发合作。 　　十四、双方同意加紧推进共建“一带一路”倡议和塔2030年前国家发展战略对接，全面落实已达成的各项共识和协议。双方将持续推进经贸、投资、互联互通、新能源、新技术和人工智能、文化、卫生、生态环保、地方等领域合作，不断充实全面战略合作伙伴关系内涵，巩固友好和伙伴关系，在双边层面践行命运共同体。 　　十五、双方认为，安全领域高效的协作体现了两国高水平互信。双方支持安全和边防领域主管部门保持密切联系，扩大打击“三股势力”、毒品贩运、网络犯罪和跨国有组织犯罪的情报交流。 　　十六、双方高度评价并愿继续深化在联合国、上海合作组织和亚洲相互协作与信任措施会议框架内的互信和全方位战略合作，致力于共同解决国际和地区问题。 　　十七、双方愿共同推动在人类命运共同体、全球发展倡议、全球安全倡议、全球文明倡议和全球治理倡议等重大理念和倡议框架下合作。 　　十八、中方支持推动落实塔吉克斯坦提出的“杜尚别水进程”“国际冰川保护”“杜尚别反恐进程”等全球倡议。 　　十九、双方认为，中国—中亚机制是推动地区多边合作的有效平台，愿携手推进机制进一步发展。 　　二十、双方高度评价首次外长战略对话成果，认为该机制成为双方推动优先领域合作和就共同关心的国际和地区问题交换意见的新的高级别平台。 　　（新华社杜尚别11月22日电）
中国 台湾,王毅在结束对中亚三国访问后接受中国媒体采访,2025-11-23 15:33:23,http://politics.people.com.cn/n1/2025/1123/c1001-40609731.html,2025年11月19日至22日，中共中央政治局委员、外交部长王毅应邀赴吉尔吉斯斯坦、乌兹别克斯坦、塔吉克斯坦举行外长战略对话，并同三国领导人友好交流。访问结束后，王毅接受中国媒体采访。 　　 　　 三国领导人都热烈祝贺中共成功召开二十届四中全会，都高度重视“十五五”规划建议对中国未来经济社会发展做出的顶层设计，都对中国的发展振兴前景充满信心。我向三国介绍了“十五五”规划建议的重大意义和核心内涵，强调中方将发挥中国特色社会主义制度的独特优势，一张蓝图绘到底，一茬接着一茬干，在以习近平同志为核心的党中央领导下，接续奋斗推进中国式现代化，续写经济快速发展和社会长期稳定两大奇迹。中国坚持高质量发展，推进高水平开放，将为包括中亚国家在内周边邻国以及世界各国带来新的发展机遇，开拓新的合作空间。三国均高度认同中国的成功治理模式，愿意进一步借鉴有益的治国理政经验，期待中国为地区各国和世界提供更多的确定性和稳定性。 　　此行切身感到，三国政局保持稳定，相继进入经济快速发展、工业化起步加速的新时期，到处呈现生机勃勃的景象。作为三国的友好邻邦，我们为此感到高兴。明年是中国“十五五”规划开局之年，中方将以此为契机，同中亚各国扩大合作领域、丰富合作内容、提升合作质效、释放合作潜能，做奔向现代化道路上的同行者，开辟中国中亚合作高质量发展新境界，打造更加紧密的中国—中亚命运共同体。 　　 　　 习近平主席在上海合作组织天津峰会上郑重提出全球治理倡议，深刻阐述改革完善全球治理需要遵循的原则、方法和路径，为国际社会合力应对世界变局、破解紧迫难题提供了重要的国际公共产品，已经得到140多个国家和国际组织的欢迎支持。中亚三国高度赞赏习近平主席提出的全球发展倡议、全球安全倡议、全球文明倡议、全球治理倡议，认为这些重大倡议顺应各国人民普遍愿望，符合当今世界迫切需求。他们表示，中方在推进全球治理体系变革中已经并将继续发挥至关重要的引领作用。世界更加需要中国，更加依靠中国，更加信任中国。三国愿同中方一道，以实际行动践行真正的多边主义，共同维护以联合国为核心的国际体系、以国际法为基础的国际秩序，捍卫本地区各国的正当权益和国际公平正义。三国确认将参加全球治理之友小组，尽快加入国际调解院。中方欢迎中亚国家在国际和地区事务中发挥更大作用，愿同各方加大在多边舞台上的相互支持，共同壮大全球南方力量，共同发出全球正义之声，共同为构建更加公正合理的全球治理体系做出努力。 　　 　　 5年前，中国同中亚五国着眼合作需要，顺应时代潮流，共同创立了中国—中亚机制。2023年，中国—中亚机制升级至元首层级后，先后在中国西安和哈萨克斯坦阿斯塔纳两度成功举行峰会，机制建设的四梁八柱迅速成型，13个部级合作平台有效运作，机制常设秘书处全面运营，正在呈现出元首引领、政府推动、各界参与、多轨并行、全面推进的立体多元合作格局。 　　中国同中亚贸易水平不断攀升，已成为中亚最大贸易伙伴。今年前三季度，中国同中亚五国双边贸易额接近800亿美元、同比增长15.6%，全年有望突破1000亿美元大关。双方贸易结构正在不断优化，越来越多的中亚优质产品进入中国市场。 　　中国同中亚投资规模也在持续扩大。中国成为中亚国家主要投资来源国。截至目前，中国对中亚国家投资累计超过500亿美元，农业、能源、基础设施等传统领域持续巩固，5G、新能源、人工智能等新兴领域合作不断加强。 　　中国同中亚国家民间往来蓬勃发展。今年前三季度，中亚五国居民入境中国人数同比增长37.7%，中国内地居民赴中亚人数同比增长50%。中国同中亚国家直航航班已突破每周100次，友城数量达到100对。中国文化中心、孔子学院、鲁班工坊在中亚各国广受欢迎，发挥着传播友谊、促进合作的重要作用。 　　中方愿同中亚国家一道，锚定命运共同体奋斗目标，不断拓展合作领域、扩大合作规模、提升合作层级，在互利合作中加快共同发展，更好造福各国和各国人民。 　　 　　 同其他C5+1机制相比，中国中亚合作的最大特点是毗邻而居、手足相亲；最大优势是互有需要、互为补充；最大共识是互利互惠、合作共赢。中国—中亚机制成立以来，我们立足中亚国家的现实需要，踏踏实实开展各领域务实合作，推动中国—中亚关系实现跨越式发展，形成全方位、宽领域、多层次合作格局，彰显出高效务实的鲜明和独特价值。今年6月召开的第二届中国—中亚峰会确立了以“互尊、互信、互利、互助，以高质量发展推进共同现代化”为核心的“中国—中亚精神”，揭示了中国同中亚国家友好交往的成功密码，为中国—中亚未来合作提供了根本遵循。 　　我们始终坚持国家不分大小一视同仁，协商一致作决策；我们始终坚持相互信任、相互支持，合作从不附带任何政治条件；我们始终坚持共同发展，携手应对各类风险挑战，维护地区共同安全。正因如此，中国—中亚机制在各类C5+1机制中脱颖而出，得到地区国家广泛认可和支持。中亚国家普遍认为，中国才是最可信赖和依靠的合作伙伴。 　　 　　 在核心利益问题上坚定相互支持，这是中国—中亚命运共同体的应有之义。中方愿意做中亚和平、稳定、发展的坚定支持者和有力维护者，我们反对干涉中亚国家的内政，决不允许任何人、任何势力制造分裂和动荡。我向三国外长介绍了中国在台湾问题上的原则立场，揭露了日本现职领导人公然侵害中国核心利益、挑战二战后国际秩序的错误言行。三国公开强调，世界上只有一个中国，台湾是中国领土不可分割的一部分，反对任何形式的“台湾独立”，坚定支持中国政府为实现国家统一所作的一切努力。这一集体发声正当其时，既支持了中国在台湾问题上的正当立场，又维护了国际关系的基本准则，再次清晰表明，一个中国原则是国际社会不可动摇的普遍共识。 　　今年是中国人民抗日战争暨世界反法西斯战争胜利80周年，把日本当年“窃取”的台湾归还中国明确规定于《开罗宣言》、《波茨坦公告》、日本投降书等一系列国际文件，是不可否认的二战胜利成果，也是日本作为战败国必须持续遵守的国际义务。在今年这一关键年头，日本最应该做的是，深刻反省当年侵略殖民台湾的历史，深刻反省军国主义犯下的战争罪行，在台湾和历史问题上遵规守矩、谨言慎行。但令人震惊的是，日本现职领导人竟然公开发出试图武力介入台湾问题的错误信号，讲了不该讲的话，越了不应碰的红线。中方必须予以坚决回击，这既是维护中国的主权与领土完整，也是捍卫用鲜血和生命换来的战后成果，维护国际正义和人类良知。 　　中国人民爱好和平、亲仁善邻，但在事关国家主权和领土完整的大是大非问题上，绝不会有任何妥协退让。日本政府在中日四个政治文件中已就台湾问题作出郑重承诺，具有国际法效力，没有任何模糊、曲解的空间。无论日本哪个党派、哪个人执政，都必须恪守。人无信无以立身，国无信无以立世。中方敦促日方早日反思改错，不要执迷不悟。如果日方一意孤行、一错再错，一切主张正义的国家和人民，都有权利对日本的历史罪行进行再清算，都有责任坚决阻止日本军国主义死灰复燃。
中国 台湾,阿根廷学者：日本领导人应保持理性　中国坚定回应完全正当,2025-11-17 08:48:59,http://japan.people.com.cn/n1/2025/1117/c35421-40605140.html,新华社布宜诺斯艾利斯11月15日电（记者张铎 王钟毅）针对日本首相高市早苗的涉台挑衅言论，阿根廷地缘政治研究所所长鲁文·古泽蒂15日在接受新华社记者采访时说，日本领导人应保持理性，中国政府对此予以坚定回应完全正当。 　　古泽蒂表示，联合国大会第2758号决议明确世界上只有一个中国，台湾是中国的一部分，这是国际关系的基本准则之一。他说，“这项决议是处理台湾问题的权威文件，它属于现行国际秩序的一部分”。 　　对于高市日前悍然发表涉台挑衅言论，古泽蒂说，一直以来，有些国家通过各种方式试图阻碍中国和平发展，台湾问题被当作其中的一个借口。他说，日本领导人应保持理性，台湾问题如何解决完全取决于中国人民自己，不容任何外部势力干涉。 　　高市7日在国会答辩时就“台湾有事”表示，如果伴随出动军舰和使用武力，可能会构成“存亡危机事态”。根据日本法律，如发生被认定为威胁日本的“存亡危机事态”，即便并未直接遭受攻击，日本也将可以行使集体自卫权。10日，高市在国会答辩时坚称，其言论遵循日本政府的一贯见解，无意撤回。 80秒看雪中武汉 幼儿自主能力大赛 黔江迎万亩雾凇 80岁奶奶学英语
中国 台湾,国防部新闻发言人就美对台军售答记者问,2025-11-18 00:20:58,http://military.people.com.cn/n1/2025/1118/c1011-40605692.html,新华社北京11月17日电（记者王春涛）国防部新闻发言人张晓刚17日就美对台军售答记者问。 有记者问，据报道，美国国务院批准总价值约3.3亿美元对台军售，包括相关机型“非标准航材零部件”和维修服务。请问发言人有何评论？ 张晓刚表示，美方向中国台湾地区出售武器，严重违反一个中国原则和中美三个联合公报，粗暴干涉中国内政，损害中国主权和安全利益，向“台独”分裂势力发出严重错误信号。我们对此强烈不满、坚决反对，已向美方提出严正交涉。 “需要强调的是，‘以武助独’只会引火烧身，‘以台制华’不会得逞。”张晓刚说，“我们敦促美方立即停止武装台湾的恶劣行径，避免冲击影响两国两军关系发展；正告民进党当局，挥霍台湾老百姓血汗钱买武器只是饮鸩止渴，‘倚外谋独’‘以武拒统’注定失败。我们将采取一切必要措施，坚定捍卫国家主权和领土完整。”
中国 台湾,“2025在湾区为你读诗·山海咏唱会”在深圳盐田举办,2025-11-19 17:32:24,http://sz.people.com.cn/n2/2025/1119/c202846-41416697.html,人民网深圳11月19日电 （王星）近日，“吾城吾诗——2025在湾区为你读诗·山海咏唱会”在深圳盐田区云海广场举行。来自文学、艺术等领域的各界嘉宾，以诗意视角讲述盐田、深圳和大湾区的山海故事。盐田区委书记李忠出席活动。 活动现场，学者、作家周国平，中国台湾学者、台湾大学哲学系教授苑举正，影视、话剧演员曹磊，中国香港配音导演、配音演员叶清，深圳大学国际学生代表，湖南师大附属深圳盐田山海学校学生代表等以诗意相邀，与观众共同感受文字的力量与心灵的回响，在山海之间汇聚起阅读的温度与情感的力量。 伴随山海的诗意光影，中国澳门中学生、歌手、演员王心妤，音乐家、作曲家肖瀛，京剧表演艺术家张宏伟等倾情演出，为现场观众带来了一场兼具传统与现代、汇融多元文化的音乐视听享受。 据介绍，本次咏唱会由盐田区委宣传部与“为你读诗”联合推出，是盐田区围绕第二十六届深圳读书月“AI时代 爱阅读”主题策划的重点活动。 本届读书月，盐田区融合“海洋”“诗意”“阅读”三大元素，推出近200场丰富多彩的全民阅读主题活动，包含如“2025在湾区为你读诗”“第四届盐田海洋图书奖颁奖系列活动”“第十九届海洋文化专题活动”等在内的多项重点活动，持续擦亮“书香盐田”文化名片。 此外，盐田区还将举办山海诗教、海图展、“诺贝尔文学奖”主题书展等一系列群众性阅读活动，让辖区居民共度“悦”读好时光。 (责编：李语、陈育柱)
中国 台湾,前10月陕西进出口同比增长12.2%,2025-11-20 08:51:29,http://sn.people.com.cn/n2/2025/1120/c186331-41417053.html,11月19日，记者从西安海关获悉：前10月陕西进出口总值4209.5亿元，同比增长12.2%，增速居全国第九位。其中，出口2916.2亿元，同比增长15.3%；进口1293.3亿元，同比增长5.7%，同期贸易顺差1622.9亿元。 　　加工贸易、一般贸易进出口平稳增长。加工贸易进出口1954.5亿元，同比增长9.6%，占全省进出口总值的46.4%；一般贸易进出口1582.1亿元，同比增长11.1%；保税物流进出口504.9亿元，同比增长7.3%。 　　陕西对东盟、中国台湾、欧盟、中国香港进出口均呈增长态势。陕西对东盟进出口676.8亿元，同比增长16.6%；对韩国进出口631.7亿元；对中国台湾进出口579.3亿元，同比增长76.8%；对欧盟进出口521.7亿元，同比增长43.9%；对中国香港进出口254.4亿元，同比增长25.3%；对美国进出口230.9亿元。 　　同期，陕西对共建“一带一路”国家进出口2270.2亿元，同比增长2.1%，占全省进出口总值的53.9%；对RCEP其他国家进出口1568.4亿元，同比增长1.3%，占全省进出口总值的37.3%。 　　外资企业进出口增速快。外商投资企业进出口2426.7亿元，同比增长19.5%；民营企业进出口1491.2亿元，同比增长3.1%；国有企业进出口280.3亿元，同比增长7%。 　　集成电路、汽车、自动数据处理设备及其零部件、钢材出口快速增长。机电产品出口2504.6亿元，同比增长16.5%。主要包括集成电路出口1118.2亿元，同比增长21.6%；汽车（含底盘）出口424.2亿元，同比增长21.4%；自动数据处理设备及其零部件出口266.1亿元，同比增长28.2%；太阳能电池出口131.2亿元。其他主要出口商品包括农产品出口53.6亿元，同比增长6.1%；钢材出口42.8亿元，同比增长101.8%。 　　半导体制造设备进口增长超2倍。机电产品进口890.1亿元，同比增长9.3%。主要包括集成电路进口550亿元；半导体制造设备进口71.3亿元，同比增长205.7%；自动数据处理设备及其零部件进口34.5亿元。（记者 肖倩 见习记者 柯雁清）
中国 台湾,阿根廷学者：日本领导人应保持理性　中国坚定回应完全正当,2025-11-17 08:48:55,http://world.people.com.cn/n1/2025/1117/c1002-40605139.html,新华社布宜诺斯艾利斯11月15日电（记者张铎 王钟毅）针对日本首相高市早苗的涉台挑衅言论，阿根廷地缘政治研究所所长鲁文·古泽蒂15日在接受新华社记者采访时说，日本领导人应保持理性，中国政府对此予以坚定回应完全正当。 　　古泽蒂表示，联合国大会第2758号决议明确世界上只有一个中国，台湾是中国的一部分，这是国际关系的基本准则之一。他说，“这项决议是处理台湾问题的权威文件，它属于现行国际秩序的一部分”。 　　对于高市日前悍然发表涉台挑衅言论，古泽蒂说，一直以来，有些国家通过各种方式试图阻碍中国和平发展，台湾问题被当作其中的一个借口。他说，日本领导人应保持理性，台湾问题如何解决完全取决于中国人民自己，不容任何外部势力干涉。 　　高市7日在国会答辩时就“台湾有事”表示，如果伴随出动军舰和使用武力，可能会构成“存亡危机事态”。根据日本法律，如发生被认定为威胁日本的“存亡危机事态”，即便并未直接遭受攻击，日本也将可以行使集体自卫权。10日，高市在国会答辩时坚称，其言论遵循日本政府的一贯见解，无意撤回。
中国 台湾,阿根廷学者：日本领导人应保持理性　中国坚定回应完全正当,2025-11-18 11:28:49,http://cjkeizai.j.people.com.cn/n1/2025/1118/c368504-40606292.html,新华社布宜诺斯艾利斯11月15日电（记者张铎 王钟毅）针对日本首相高市早苗的涉台挑衅言论，阿根廷地缘政治研究所所长鲁文·古泽蒂15日在接受新华社记者采访时说，日本领导人应保持理性，中国政府对此予以坚定回应完全正当。 　　古泽蒂表示，联合国大会第2758号决议明确世界上只有一个中国，台湾是中国的一部分，这是国际关系的基本准则之一。他说，“这项决议是处理台湾问题的权威文件，它属于现行国际秩序的一部分”。 　　对于高市日前悍然发表涉台挑衅言论，古泽蒂说，一直以来，有些国家通过各种方式试图阻碍中国和平发展，台湾问题被当作其中的一个借口。他说，日本领导人应保持理性，台湾问题如何解决完全取决于中国人民自己，不容任何外部势力干涉。 　　高市7日在国会答辩时就“台湾有事”表示，如果伴随出动军舰和使用武力，可能会构成“存亡危机事态”。根据日本法律，如发生被认定为威胁日本的“存亡危机事态”，即便并未直接遭受攻击，日本也将可以行使集体自卫权。10日，高市在国会答辩时坚称，其言论遵循日本政府的一贯见解，无意撤回。
中国 台湾,上海首个酒店退税点受理退税购物金额超万元,2025-11-11 17:44:22,http://sh.people.com.cn/n2/2025/1111/c176738-41408338.html,11月5日，位于黄浦区九江路的上海大酒店离境退税“即买即退”集中退付点开业，成为上海首个酒店类离境退税集中退付点。记者从酒店获悉，开业不足一周，该退付点已成功受理7笔退税业务，涉及购物总金额达11726元。随着这一服务逐渐被更多境外住客知晓，后续业务量有望持续攀升。 上海大酒店毗邻南京路步行街、人民广场、外滩，周边轨交1、2、8号线环绕，可便捷通达全市多数景点。免签政策红利持续释放后，酒店境外住客占比进一步提升。“我们酒店平均客房出租率超80%，境外客人占比最高时能达八成以上。”酒店前厅经理陈静说。 高比例的境外游客与酒店紧邻商业区的特质，为首个酒店类离境退税点的落地创造了有利条件。目前受理的7笔退税申请，分别来自新加坡、菲律宾、法国及中国台湾地区的游客，购物品类涵盖服装、玩具、配饰等。昨天收到最新的3笔退税申请来自法国游客，他们人手一件波司登羽绒服。 据酒店工作人员介绍，境外游客在商场开具退税单后，仅需5分钟即可在酒店办结退税手续，抵达机场后经海关简单核对信息与物品，便可出关。得益于退付点24小时服务，即便游客需搭乘次日早班机离沪，也能在离店前一晚放心购物、返回酒店后办理退税，极大提升了便利性。 自今年4月27日境外旅客离境退税起退额度从500元降至200元以来，服装、鞋子、玩具等日常商品均纳入退税范围，上海多个离境退税点位的业务量显著增长。行业人士表示，随着退税点位的进一步拓展，“China Shopping”的吸引力将持续增强。 （来源：解放日报 记者 李宝花）
中国 台湾,国台办回应高市早苗涉台恶劣言论,2025-11-12 11:19:55,http://tw.people.com.cn/n1/2025/1112/c14657-40602202.html,人民网北京11月12日电（记者刘洁妍、刘叶婷）国务院台湾事务办公室11月12日举行例行新闻发布会，发言人陈斌华主持发布会并答问。 香港凤凰卫视记者提问：日本首相高市早苗日前在国会答问时称，如果“台湾有事”，发生紧急状况伴随对方使用武力，可能会构成日本可以行使集体自卫权的“存亡危机事态”。有舆论称，高市早苗的言论意味着，如果大陆对台湾采取海上封锁等行动，日本自卫队可能采取武力行动干预。对此有何评论？ 陈斌华表示，世界上只有一个中国，台湾是中国的一部分。日本领导人在国会公然发表的涉台恶劣言论严重违背一个中国原则，粗暴干涉中国内政，我们对此强烈不满、坚决反对。外交部已向日方提出严正交涉和强烈抗议。 日本在台湾问题上对中国人民负有历史罪责，在殖民奴役台湾的50年里更是犯下罄竹难书的罪行。80年前，我们打败日本侵略者，光复台湾，终结日本对台湾的侵占掠夺。80年后的今天，谁再企图挑战中国核心利益，妄想阻挠中国统一大业，中国政府、中国人民、中国军队决不答应、决不容忍。日本应深刻反省历史，汲取历史教训，恪守一个中国原则和中日四个政治文件精神，信守在台湾问题上的政治承诺，慎之又慎处理涉台问题。正告民进党当局，任何依靠外部势力将台湾从中国分裂出去的图谋都注定失败。
中国 台湾,归乡之旅，台湾游客爱上新疆,2025-11-14 11:03:28,http://xj.people.com.cn/n2/2025/1114/c186332-41411565.html,“在新疆过完春节再回台湾。”已在伊宁市生活了一段时间的周正修由衷感慨，“这里早已是我的家，来了就再也舍不得离开。” 今年63岁的周正修是中国台湾人，足迹遍布世界多地后，愈发牵挂故土根脉。三年前，60岁的他与妻子开启寻根之旅，夫妻俩走过四川、青海、甘肃、陕西、河南、山东等地，最终抵达首都北京。 “父亲1938年来到台湾，终其一生未能重返故土，这成了他最大的遗憾。”周正修动情地说，“手机上那些展现祖国发展变化、山河风貌的短视频，让我坚信，无论相隔多久、距离多远，都挡不住我们回家的步伐。” 在老家——河南省周口市扶沟县，与父亲相近的乡音、父亲曾跋涉的山川、蹚过的河流……当这些展现在他眼前的时候，一切都从模糊变得清晰，而家谱中一个个陌生的姓名也变成了一张张亲切的脸庞。这场寻根探亲之旅，不仅让他们饱览了祖国的大好河山，更深深感受到了故土难离的温暖与牵绊。2024年，怀揣着对边疆的向往，他们决定来一趟新疆。 2024年10月，夫妻二人来到伊宁市，他们发现这里四季分明、气候格外宜人。沿街居民淳朴热忱，物价亲民实在，各类瓜果香甜丰饶，不愧“瓜果之乡”的美称。这片被誉为“塞外江南”的伊犁河谷，水草丰美、风情浓郁，让他们瞬间萌发了在这里“住下来”的想法。 他们在新疆待了两个多月，伊犁老城文化旅游区湛蓝的天空和飞翔的鸽子、中华福寿山上的冬雪仙境、布尔津县禾木村的日出、帕米尔高原上白沙湖景区的奇观……周正修夫妻深切感受到：“新疆大而美，两个月的时间太短，根本不尽兴！” 返回台湾后，两人始终怀念在新疆的生活时光，微信朋友圈里的点滴记录仿佛带着魔力，吸引着他们再来新疆。远房堂姐再三邀请他们来伊宁市，还嘱咐女儿将家里闲置的房屋腾出来给夫妻俩住。今年4月，夫妻俩在伊宁市“安家”了，这里的温馨及美好让他们决定要在新疆过完春节再回台湾。 “这里有我的亲人，更有我的家，待在这里心里特别踏实，日子也过得格外自在。”周正修说。 今年5月的一天，周正修夫妻在旅途中遇到了一对维吾尔族新人结婚。“我能参加你们的婚礼，沾沾喜气吗？”周正修手拿红包向两位新人询问。 “当然可以，我们都是中华民族，本来就是一家人嘛。”新婚夫妇的回答让他们高兴又温暖，他们和参加婚礼的人们一起跳麦西热甫、品尝美食，这场聚会成了旅居生活中最温暖的时刻之一。 “这里的温暖藏在点点滴滴里。”让周正修感到温暖的瞬间还有很多：不相识的小朋友和他一起探讨古诗词的含义，清晨社区里亲切的问候和随处可见的笑脸，旅行团里大家的相互关心…… “这次旅行，我真切感受到现在的生活太方便了。”周正修感慨道。他打开手机就能在购物平台上选购全国各地的商品：黑龙江的松子和黑木耳、湖北的紫薯泥、山东日照的鲅鱼都成了他们餐桌上的美食；甚至连意大利的沙滩裤，也能随时在线下单。 “我们非常喜欢网络购物和移动支付，感觉通过一部手机就能联通全世界，这就是祖国强大的体现。”周正修说。 周正修把自己在新疆旅居的生活点滴分享在自己的社交媒体上，赢得不少台湾朋友点赞，还有不少朋友经过他的介绍来新疆旅游。他们说下一站计划去哈尔滨看冰雪大世界，到漠河打卡，再感受一下零下30摄氏度的北国风光。 “2024年买了100个北京烧饼带回台湾，分享给亲戚朋友，这次我还会带一些特别的礼物分享给台湾的朋友。”周正修说。（宋卫国）
中国 台湾,国台办：日本领导人在国会公然发表的涉台恶劣言论严重违背一个中国原则,2025-11-12 13:10:07,http://tw.people.com.cn/n1/2025/1112/c14657-40602237.html,国务院台办发言人陈斌华12日在例行新闻发布会上应询表示，世界上只有一个中国，台湾是中国的一部分。日本领导人在国会公然发表的涉台恶劣言论严重违背一个中国原则，粗暴干涉中国内政，我们对此强烈不满、坚决反对。外交部已向日方提出严正交涉和强烈抗议。 陈斌华指出，日本在台湾问题上对中国人民负有历史罪责，在殖民奴役台湾的50年里更是犯下罄竹难书的罪行。80年前，我们打败日本侵略者，光复台湾，终结日本对台湾的侵占掠夺。80年后的今天，谁再企图挑战中国核心利益，妄想阻挠中国统一大业，中国政府、中国人民、中国军队决不答应、决不容忍。日本应深刻反省历史，汲取历史教训，恪守一个中国原则和中日四个政治文件精神，信守在台湾问题上的政治承诺，慎之又慎处理涉台问题。正告民进党当局，任何依靠外部势力将台湾从中国分裂出去的图谋都注定失败。（记者赵博、许晓静）
中国 台湾,福建农林大学举办闽台融合发展“三个一百”签约暨两岸教育与农业交流合作研讨会,2025-11-14 14:30:18,http://fj.people.com.cn/n2/2025/1114/c181466-41411702.html,为持续深化闽台教育和农业领域交流合作，助推两岸融合发展示范区建设，11月13日，福建农林大学在福州仓山校区举行闽台融合发展“三个一百”签约暨两岸教育与农业交流合作研讨会。会上，福建农林大学与台湾企业代表签订了合作协议，向新聘的台湾教师代表和行业导师代表颁发聘书，来自两岸的高校代表、台企负责人、台湾校友及师生代表共120余人参会。 福建农林大学党委书记赖海榕在致辞中回顾了福建农林大学与台湾农林学界的深厚历史渊源，介绍了学校“三个一百”行动计划（即与100家台企合作、引进100名台湾教师、聘任100位台籍行业导师）取得的新进展新成效。他期待有更多台籍教师和行业导师在福建农林大学这片热土上追逐梦想、施展才华、实现抱负，共同搭建起人才成长的高地；聚焦闽台农林产业共同关心的科学问题和技术难题，联合开展攻关，积极探索闽台农林科技合作新模式，让智慧的种子在合作的沃土中开花结果；加速推动闽台科技成果转化应用，让学校更多高水平创新成果从实验室走向生产线，从校园走向台创园，从海峡两岸走向世界，惠及更广阔的天地与更多的同胞。 福建农林大学校长兰思仁表示，“三个一百”行动是学校着力服务两岸融合发展先行示范区建设的具体举措，更是赓续学校与台湾农林学界、业界深厚渊源，书写两岸“科研协同、人才共育、产业共兴”融合发展新篇章的具体行动。学校将进一步落实落细两岸融合发展政策，推动校企协同创新、人才联合培养，为两岸同胞共同发展搭建更加广阔的平台。 据悉，福建农林大学与台湾农林学界渊源深厚。早在上个世纪四十年代，福建农林大学的前身福建协和大学农科和福建省立农学院的首届427名毕业生中就有180多人跨海赴台，成为台湾早期农业发展的开拓者和奠基人，为台湾农业腾飞和两岸交流作出了积极贡献。比如台湾农业试验所所长、台湾中华文化大学农学院院长万雄，台湾中兴大学校长、台湾植物保护中心主任贡谷绅，“台茶之父”吴振铎，以及邱瑞珍、陈锦文、邱人璋等，这些闪耀在两岸农林学界的名字，见证着两岸学缘的血脉相连，延续着同根同源的文化薪火。1987年，这份跨越海峡的学缘在两岸开放后绽放新枝。黄历校友会率先架起交流桥梁，促进两岸农业科技教育交流合作。至2000年，先后有台湾校友、学者180多人次到校访问交流。故土情、学友情、师生情，紧紧地维系着两岸校友的心，见证了两岸学术星火的交相辉映，推动了两岸农林领域的深度交融。 进入新世纪后，学校两岸融合发展工作进入了新阶段。2006年，教育部批准学校开始招收台湾农业行业协会会员学历生，至2025年学校已连续招收19届，累计培养550余名优秀的台湾园艺师、兽医师和企业家，同时招收了33位台湾硕博士生，在两岸产业界产生广泛影响。学校先后与台湾90多个研究机构、协会长期开展科技交流合作，与台湾22所高校签订合作协议，在人才联合培养、共建科研平台、联合攻关中取得累累硕果。学校建立了19个闽台合作科研及创新平台，累计选派1715名师生赴台湾大学等高校研修。2014年与台湾中兴大学、台湾海洋大学合作举办4个专业“3+1”项目。2015年10月，福建农林大学台湾校友会在台注册成立，成为大陆高校唯一在中国台湾地区注册的校友组织。近年来，学校与台湾知名高校联合，开办5个“4+0”闽台合作办学项目。 2025年，为充分发挥对台优势，持续加强对台交流合作，福建农林大学深入实施“三个一百”行动计划，先后与118家台企建立产学研合作关系，涵盖农业科技、绿色能源、文创设计等领域；全职或柔性引进101名台湾教师，覆盖工学、理学、管理学等学科；聘任100位台湾农林企业界、学界资深人士担任本科生和专业学位研究生的行业导师，构建“理论+实践”协同育人体系，导师团队来自台湾农业科技、生物医药、乡建乡创等领域，有力推动两岸在农业高等教育、科技创新与成果转化领域的深度融合发展。同时，学校建成了“东岸茶馆”（台湾校友之家、台湾师生之家、台湾农民研修小站）、严复两岸农业科教馆，已经成为台湾校友、两岸台胞扩大交流、增进感情和深化合作的重要平台。（文/图 福建农林大学宣传部）
中国 台湾,桂马十年“赛跑+旅游” 一条跑道两岸情,2025-11-17 08:36:15,http://ent.people.com.cn/n1/2025/1117/c1012-40605007.html,“一场马拉松与一座文化底蕴深厚、自然风光美丽的城市结合，让跑步爱好者的家人有兴趣参与进来，一起体验当地民俗风情和美食。马拉松会变成一个契机，促成一段涵盖个人爱好、亲情、友情和文化交流等内容丰富的旅程。”来自中国台湾的马拉松跑友陈先生如是说。 图为11月16日，2025桂林马拉松参赛选手通过解放桥。(无人机照片)杨宗盛 摄 11月16日，2025桂林马拉松开跑。23000名中外参赛选手一起体验“人在画中跑”，创下历届桂林马拉松规模的新高。 “这次来桂林，桂林米粉是‘打卡’项目之一。”陈先生说：“我到世界各地跑马拉松，透过美食，可以看到不一样的文化特色。双脚不仅是用来跑过赛道，也用双脚体验不同地方的民俗风情。” 中国台湾的张女士第一次来桂林参加半程马拉松，她和朋友在比赛前一天早上就在酒店附近慢跑，她说这里空气清新，山水环绕，旁边也有很多跑友在晨跑，感觉很亲切很开心。近几年，她与港澳台地区的跑友相约每年去云南丽江集训两次以提高成绩，在那里也会遇到很多大陆的跑友在训练，她想用马拉松跑遍全世界，认识更多城市。 图为11月16日，2025桂林马拉松参赛选手通过解放桥。杨宗盛 摄 来自中国台湾的涂先生与参加比赛的侄子一同来桂林，此次行程中他将观看《印象·刘三姐》演出，令他期待。他说：“马拉松与旅游结合在一起是‘上上策’。大家通过马拉松比赛到各地体验不同的风土人情，可以加深彼此的了解和友情。” “每一次出国比赛，每一次来大陆参赛，我都能感受到一种‘越交流、越理解；越理解、越靠近’的力量。这种人与人之间的友善，是任何新闻、广播都无法取代的。来自不同国家与地区的选手因为运动爱好聚在一起，自然就会开始对话、互相帮助、分享经验。运动让城市有了生命力，而桂林给我的是一种‘很舒服、很亲切’的感觉。”来自中国台湾的耐力运动爱好者陈先生这样描述参赛的感受，他感慨体育就是这样，在两岸之间把“距离”变成“朋友”。 来自中国台湾的拳击教练王先生也受邀来桂林参加马拉松赛事。他说：“体育是人类共同的运动，透过体育可以加深两岸的情感。我非常支持通过体育赛事，让更多台湾青年来大陆走走看看。” 今年是桂林马拉松比赛举办的第十年，累计吸引来自全球15.7万名跑者前来参赛。十年间，桂林马拉松已成为连接山水与人文、体育与旅游的纽带。
中国 台湾,国台办：坚决反对美国向中国台湾地区出售武器,2025-11-15 13:06:34,http://tw.people.com.cn/n1/2025/1115/c14657-40604459.html,新华社北京11月15日电 美国国防部宣布向中国台湾地区出售价值约3.3亿美元的军售项目。民进党当局第一时间表示感谢。对此，国务院台办发言人陈斌华15日应询表示，我们坚决反对美国向中国台湾地区出售武器，这一立场是一贯的、明确的。美方此举严重损害中国主权和安全利益，向“台独”分裂势力发出严重错误信号。敦促美方恪守一个中国原则和中美三个联合公报特别是“八·一七”公报规定，停止纵容支持“台独”分裂势力，慎之又慎处理台湾问题。 陈斌华指出，“台独”与台海和平水火不容。赖清德当局上台以来，不断对外献媚输诚，穷兵黩武，大肆挥霍台湾老百姓的血汗钱，不惜把台湾变成“火药桶”，牺牲台湾民众安全福祉。正告赖清德当局，“倚外谋独”“以武谋独”是自寻绝路。我们将采取一切必要措施，坚定捍卫国家主权、安全和领土完整。
中国 台湾,王毅在结束对中亚三国访问后接受中国媒体采访,2025-11-24 08:17:16,http://cpc.people.com.cn/n1/2025/1124/c64094-40609896.html,本报杜尚别11月23日电  11月19日至22日，中共中央政治局委员、外交部长王毅应邀赴吉尔吉斯斯坦、乌兹别克斯坦、塔吉克斯坦举行外长战略对话，并同三国领导人友好交流。访问结束后，王毅接受中国媒体采访。 　　一、此访正值中国共产党二十届四中全会胜利闭幕不久，请问中亚国家对此有何评价？ 　　王毅：三国领导人都热烈祝贺中共成功召开二十届四中全会，都高度重视“十五五”规划建议对中国未来经济社会发展做出的顶层设计，都对中国的发展振兴前景充满信心。我向三国介绍了“十五五”规划建议的重大意义和核心内涵，强调中方将发挥中国特色社会主义制度的独特优势，一张蓝图绘到底，一茬接着一茬干，在以习近平同志为核心的党中央领导下，接续奋斗推进中国式现代化，续写经济快速发展和社会长期稳定两大奇迹。中国坚持高质量发展，推进高水平开放，将为包括中亚国家在内周边邻国以及世界各国带来新的发展机遇，开拓新的合作空间。三国均高度认同中国的成功治理模式，愿意进一步借鉴有益的治国理政经验，期待中国为地区各国和世界提供更多的确定性和稳定性。 　　此行切身感到，三国政局保持稳定，相继进入经济快速发展、工业化起步加速的新时期，到处呈现生机勃勃的景象。作为三国的友好邻邦，我们为此感到高兴。明年是中国“十五五”规划开局之年，中方将以此为契机，同中亚各国扩大合作领域、丰富合作内容、提升合作质效、释放合作潜能，做奔向现代化道路上的同行者，开辟中国中亚合作高质量发展新境界，打造更加紧密的中国—中亚命运共同体。 　　二、当今世界变乱交织，各种挑战层出不穷，中国打算如何与中亚国家共同应对？ 　　王毅：习近平主席在上海合作组织天津峰会上郑重提出全球治理倡议，深刻阐述改革完善全球治理需要遵循的原则、方法和路径，为国际社会合力应对世界变局、破解紧迫难题提供了重要的国际公共产品，已经得到140多个国家和国际组织的欢迎支持。中亚三国高度赞赏习近平主席提出的全球发展倡议、全球安全倡议、全球文明倡议、全球治理倡议，认为这些重大倡议顺应各国人民普遍愿望，符合当今世界迫切需求。他们表示，中方在推进全球治理体系变革中已经并将继续发挥至关重要的引领作用。世界更加需要中国，更加依靠中国，更加信任中国。三国愿同中方一道，以实际行动践行真正的多边主义，共同维护以联合国为核心的国际体系、以国际法为基础的国际秩序，捍卫本地区各国的正当权益和国际公平正义。三国确认将参加全球治理之友小组，尽快加入国际调解院。中方欢迎中亚国家在国际和地区事务中发挥更大作用，愿同各方加大在多边舞台上的相互支持，共同壮大全球南方力量，共同发出全球正义之声，共同为构建更加公正合理的全球治理体系做出努力。 　　三、近年来，中国—中亚机制快速发展，请介绍一下合作的主要进展。 　　王毅：5年前，中国同中亚五国着眼合作需要，顺应时代潮流，共同创立了中国—中亚机制。2023年，中国—中亚机制升级至元首层级后，先后在中国西安和哈萨克斯坦阿斯塔纳两度成功举行峰会，机制建设的四梁八柱迅速成型，13个部级合作平台有效运作，机制常设秘书处全面运营，正在呈现出元首引领、政府推动、各界参与、多轨并行、全面推进的立体多元合作格局。 　　中国同中亚贸易水平不断攀升，已成为中亚最大贸易伙伴。今年前三季度，中国同中亚五国双边贸易额接近800亿美元、同比增长15.6%，全年有望突破1000亿美元大关。双方贸易结构正在不断优化，越来越多的中亚优质产品进入中国市场。 　　中国同中亚投资规模也在持续扩大。中国成为中亚国家主要投资来源国。截至目前，中国对中亚国家投资累计超过500亿美元，农业、能源、基础设施等传统领域持续巩固，5G、新能源、人工智能等新兴领域合作不断加强。 　　中国同中亚国家民间往来蓬勃发展。今年前三季度，中亚五国居民入境中国人数同比增长37.7%，中国内地居民赴中亚人数同比增长50%。中国同中亚国家直航航班已突破每周100次，友城数量达到100对。中国文化中心、孔子学院、鲁班工坊在中亚各国广受欢迎，发挥着传播友谊、促进合作的重要作用。 　　中方愿同中亚国家一道，锚定命运共同体奋斗目标，不断拓展合作领域、扩大合作规模、提升合作层级，在互利合作中加快共同发展，更好造福各国和各国人民。 　　四、一些主要域外力量纷纷同中亚国家建立C5+1机制。请问中国—中亚机制的优势何在？ 　　王毅：同其他C5+1机制相比，中国中亚合作的最大特点是毗邻而居、手足相亲；最大优势是互有需要、互为补充；最大共识是互利互惠、合作共赢。中国—中亚机制成立以来，我们立足中亚国家的现实需要，踏踏实实开展各领域务实合作，推动中国—中亚关系实现跨越式发展，形成全方位、宽领域、多层次合作格局，彰显出高效务实的鲜明和独特价值。今年6月召开的第二届中国—中亚峰会确立了以“互尊、互信、互利、互助，以高质量发展推进共同现代化”为核心的“中国—中亚精神”，揭示了中国同中亚国家友好交往的成功密码，为中国—中亚未来合作提供了根本遵循。 　　我们始终坚持国家不分大小一视同仁，协商一致作决策；我们始终坚持相互信任、相互支持，合作从不附带任何政治条件；我们始终坚持共同发展，携手应对各类风险挑战，维护地区共同安全。正因如此，中国—中亚机制在各类C5+1机制中脱颖而出，得到地区国家广泛认可和支持。中亚国家普遍认为，中国才是最可信赖和依靠的合作伙伴。 　　五、此行同三国外长发表的政治文件中，中亚国家均强调坚守一个中国原则。请问对此有何评价？ 　　王毅：在核心利益问题上坚定相互支持，这是中国—中亚命运共同体的应有之义。中方愿意做中亚和平、稳定、发展的坚定支持者和有力维护者，我们反对干涉中亚国家的内政，决不允许任何人、任何势力制造分裂和动荡。我向三国外长介绍了中国在台湾问题上的原则立场，揭露了日本现职领导人公然侵害中国核心利益、挑战二战后国际秩序的错误言行。三国公开强调，世界上只有一个中国，台湾是中国领土不可分割的一部分，反对任何形式的“台湾独立”，坚定支持中国政府为实现国家统一所作的一切努力。这一集体发声正当其时，既支持了中国在台湾问题上的正当立场，又维护了国际关系的基本准则，再次清晰表明，一个中国原则是国际社会不可动摇的普遍共识。 　　今年是中国人民抗日战争暨世界反法西斯战争胜利80周年，把日本当年“窃取”的台湾归还中国明确规定于《开罗宣言》、《波茨坦公告》、日本投降书等一系列国际文件，是不可否认的二战胜利成果，也是日本作为战败国必须持续遵守的国际义务。在今年这一关键年头，日本最应该做的是，深刻反省当年侵略殖民台湾的历史，深刻反省军国主义犯下的战争罪行，在台湾和历史问题上遵规守矩、谨言慎行。但令人震惊的是，日本现职领导人竟然公开发出试图武力介入台湾问题的错误信号，讲了不该讲的话，越了不应碰的红线。中方必须予以坚决回击，这既是维护中国的主权与领土完整，也是捍卫用鲜血和生命换来的战后成果，维护国际正义和人类良知。 　　中国人民爱好和平、亲仁善邻，但在事关国家主权和领土完整的大是大非问题上，绝不会有任何妥协退让。日本政府在中日四个政治文件中已就台湾问题作出郑重承诺，具有国际法效力，没有任何模糊、曲解的空间。无论日本哪个党派、哪个人执政，都必须恪守。人无信无以立身，国无信无以立世。中方敦促日方早日反思改错，不要执迷不悟。如果日方一意孤行、一错再错，一切主张正义的国家和人民，都有权利对日本的历史罪行进行再清算，都有责任坚决阻止日本军国主义死灰复燃。
中国 台湾,王毅：中方敦促日方早日反思改错，不要执迷不悟,2025-11-24 08:36:05,http://japan.people.com.cn/n1/2025/1124/c35421-40610000.html,新华社杜尚别11月23日电　11月19日至22日，中共中央政治局委员、外交部长王毅应邀赴吉尔吉斯斯坦、乌兹别克斯坦、塔吉克斯坦举行外长战略对话，并同三国领导人友好交流。访问结束后，王毅接受中国媒体采访。 　　王毅表示，在核心利益问题上坚定相互支持，这是中国-中亚命运共同体的应有之义。中方愿意做中亚和平、稳定、发展的坚定支持者和有力维护者，我们反对干涉中亚国家的内政，决不允许任何人、任何势力制造分裂和动荡。我向三国外长介绍了中国在台湾问题上的原则立场，揭露了日本现职领导人公然侵害中国核心利益、挑战二战后国际秩序的错误言行。三国公开强调，世界上只有一个中国，台湾是中国领土不可分割的一部分，反对任何形式的“台湾独立”，坚定支持中国政府为实现国家统一所作的一切努力。这一集体发声正当其时，既支持了中国在台湾问题上的正当立场，又维护了国际关系的基本准则，再次清晰表明，一个中国原则是国际社会不可动摇的普遍共识。 　　王毅说，今年是中国人民抗日战争暨世界反法西斯战争胜利80周年，把日本当年“窃取”的台湾归还中国明确规定于《开罗宣言》、《波茨坦公告》、日本投降书等一系列国际文件，是不可否认的二战胜利成果，也是日本作为战败国必须持续遵守的国际义务。在今年这一关键年头，日本最应该做的是，深刻反省当年侵略殖民台湾的历史，深刻反省军国主义犯下的战争罪行，在台湾和历史问题上遵规守矩、谨言慎行。但令人震惊的是，日本现职领导人竟然公开发出试图武力介入台湾问题的错误信号，讲了不该讲的话，越了不应碰的红线。中方必须予以坚决回击，这既是维护中国的主权与领土完整，也是捍卫用鲜血和生命换来的战后成果，维护国际正义和人类良知。 　　王毅表示，中国人民爱好和平、亲仁善邻，但在事关国家主权和领土完整的大是大非问题上，绝不会有任何妥协退让。日本政府在中日四个政治文件中已就台湾问题作出郑重承诺，具有国际法效力，没有任何模糊、曲解的空间。无论日本哪个党派、哪个人执政，都必须恪守。人无信无以立身，国无信无以立世。中方敦促日方早日反思改错，不要执迷不悟。如果日方一意孤行、一错再错，一切主张正义的国家和人民，都有权利对日本的历史罪行进行再清算，都有责任坚决阻止日本军国主义死灰复燃。 80秒看雪中武汉 幼儿自主能力大赛 黔江迎万亩雾凇 80岁奶奶学英语
中国 台湾,82年前，《开罗宣言》划下“永不可逾越的历史红线”,2025-11-24 10:26:35,http://cjkeizai.j.people.com.cn/n1/2025/1124/c368504-40610367.html,新华社北京11月23日电　（记者 阚静文 熊茂伶 赵家淞）在埃及首都开罗西南的吉萨金字塔不远处，有一幢名为“米纳饭店”的历史建筑。1943年11月22日至26日，中国、美国和英国三国政府首脑在这里召开开罗会议，讨论对日作战问题，签署了《开罗宣言》。 　　《开罗宣言》于1943年12月1日正式发表，是世界反法西斯战争的重大成果，明确确认了中国对台湾的主权，为国际社会确立战后国际秩序奠定了重要基础。 　　本月21日和22日，中国外交部发言人连续两天在例行记者会上提及《开罗宣言》，批驳日本首相高市早苗的涉台错误言论以及扩军危险行径。 　　多国人士指出，高市一系列错误言行践踏《开罗宣言》等“永不可逾越的历史红线”，严重违背国际法和国际关系基本准则，挑战战后国际秩序，必将走向失败结局。 　　 　　《开罗宣言》明确规定，日本将窃取于中国的领土，包括台湾和澎湖列岛归还中国。1945年，中美英三国发表、苏联后来加入的《波茨坦公告》，重申“开罗宣言之条件必将实施”。同年9月，日本签署《日本投降条款》，承诺“忠诚履行波茨坦公告各项规定之义务”。 　　国际社会公认，这些具有国际法效力的文件为二战后中国收复被日本军国主义掠夺和窃取的领土提供了重要的国际法依据，也是战后国际秩序的重要组成部分。 　　比利时中国和平统一促进会会长朱海安说，《开罗宣言》和《波茨坦公告》明确规定日本将窃取的台湾和澎湖列岛等归还中国，台湾自古以来就是中国不可分割的一部分的事实不容置疑。 　　10月25日，参观者在中国人民抗日战争纪念馆参观《不屈的宝岛 丹心向祖国——台湾同胞抗日史实展》。新华社记者 张晨霖 摄 　　基于“台湾是中国领土不可分割的一部分”这一事实和前提，1971年，第26届联合国大会以压倒性多数通过第2758号决议，彰显了国际社会对坚持一个中国原则的郑重承诺。 　　英国亚太问题研究学者珍妮·克莱格指出，规定将台湾归还中国的《开罗宣言》等文件是构建战后和平秩序的重要基础。联大第2758号决议明确中华人民共和国政府是代表全中国的唯一合法政府。“谁无视这些历史，就意味着要损害国际社会维护世界和平秩序的努力。” 　　“《开罗宣言》等文件明确台湾是中国不可分割的一部分，这是永远不可逾越的历史红线。”委内瑞拉全代会委中议员友好小组副主席桑斯说。 　　 　　《开罗宣言》等一系列具有国际法效力的文件早已确认一个中国原则，但高市日前却公然声称“台湾有事可能对日本构成‘存亡危机事态’”，暗示日方可援引所谓“集体自卫权”武力介入台海局势。 　　11月21日，在日本东京的首相官邸外，民众举起标语参加抗议活动。新华社记者 贾浩成 摄 　　除规定日本窃取于中国的领土要归还中国外，《开罗宣言》《波茨坦公告》等国际法律文件还确认了日本战争行为的侵略性质，对日本作为战败国的义务作出明确规定，包括完全解除武装，不得维持能使其重新武装的产业。 　　然而，日本右翼政客近年来不断推动扩军备武，“切香肠”式推进军事松绑，架空日本和平宪法的“专守防卫”理念。高市上台后更是加快这一进程，甚至试图修改“防卫装备转移三原则”“无核三原则”等。 　　韩国韩中城市友好协会会长权起植说，高市错误言行“无视外交惯例、彻底违反国际法”，是“公然挑战战后国际秩序的极端政治操作”。 　　克莱格直言，高市的错误言行并非偶然，与其长期频繁参拜靖国神社以及加速日本军事化进程等动作密切相关。“日本从未真正面对其在战争中的反人类罪行，至今依然予以否认。” 　　塞内加尔官方媒体《太阳报》刊文说，高市错误言行无视国际法，带有严重挑衅意味，与历史事实和国际共识背道而驰。 　　 　　多国人士认为，高市的一系列错误言行挑衅国际正义、破坏战后国际秩序、践踏国际关系基本准则，后果严重、危害深重。如果日本想重走军国主义老路，最终只能以失败告终。 　　11月21日，在日本东京的首相官邸外，民众参加抗议活动。新华社记者 贾浩成 摄 　　美国国际问题专家、前驻白宫记者威廉·琼斯认为，高市错误言行是军国主义、扩张主义等危险倾向的回潮，危害战后世界繁荣与稳定。 　　高市错误言行及相关动向引发周边国家警惕和批评。韩国国会议长禹元植要求日本在历史、领土等问题上展现真诚反省和负责任态度；朝鲜媒体发文批评日本正在撕下“和平国家的面具”，暴露“战争国家的丑恶嘴脸”；俄罗斯外交部发言人扎哈罗娃批评高市至今不反省自身错误。 　　鉴于高市相关言行极其错误、极为危险、极具挑衅，中方向日方进行严正交涉，并出台一系列反制措施。 　　大量日本民众自发到首相官邸前抗议，要求高市撤回错误言论并道歉。日本不少政界人士、媒体和专家纷纷批评高市言行恶化中日关系，引发地区局势紧张，给日本“带来灾难”。日本经济界人士普遍担忧日中关系恶化，进一步冲击本已面临下行压力的日本经济。 　　琼斯指出，高市错误言行在曾遭受日本侵略的国家引发紧张和担忧，日本经济已因此受到冲击。日本战后靠贸易和发展实现繁荣，如今却牺牲这种繁荣去推行在本地区制造紧张甚至冲突的政策。这是“愚蠢行为”，高市应反省自身错误。 　　扎哈罗娃谴责日本公然挑战战后国际秩序。“高市如果了解历史，便会意识到，日本历史上的侵略行动均以失败告终。”
中国 台湾,为两岸读者提供一部权威、严肃的历史读本,2025-11-24 08:46:18,http://tw.people.com.cn/n1/2025/1124/c14657-40610083.html,本报北京11月23日电（记者施芳）《台湾百科全书·历史》出版座谈会近日在北京举办。《台湾百科全书·历史》由中国大百科全书出版社出版，共有条目1369条，96万字，所收条目从台湾史前文化起，至1949年国民党败退台湾止。按照史前文化、早期历史、荷据时期、明郑时期、清代前期、清代后期（近代）、日据时期和光复时期8个时段，对台湾历史上的重大事件、重要现象、代表人物及相关著作进行了总结，系统、全面地呈现了台湾历史的发展脉络与整体面貌。 　　中国出版集团有限公司董事长、党组书记黄志坚介绍，《台湾百科全书·历史》是一部系统介绍台湾历史的权威工具书，系统呈现了中华民族先民早期开发宝岛的足迹，记录了台湾同胞与大陆同胞共同反抗外来侵略、争取民族解放的历史。这部书的出版，是我国哲学社会科学领域和出版界的一项重大成果，对于澄清历史是非、正本清源，凝聚两岸共识及学术研究都具有重要的意义。 　　国务院台湾事务办公室新闻局副局长、新闻发言人朱凤莲说，该书的适时出版具有特殊意义，一是为开展涉台爱国教育提供了重要参考资料，在涉台历史研究及宣介方面作出了积极贡献；二是为牢牢掌握涉台历史话语权、反制“文化台独”提供了基础的、重要的史实依据；三是为进一步做好涉台历史知识新媒体传播提供了坚实基础。 　　《台湾百科全书》主编、中国社会科学院台湾研究所原所长余克礼说，编纂《台湾百科全书》是一项艰巨的重大文化工程，具有很强的学术价值和现实意义。专家团队与中国大百科全书出版社克服诸多困难，付出巨大努力，终使这部力作问世。该书的出版，对反制“台独”的历史谬误，导正台湾同胞的历史文化与国家民族认同，增进两岸融合发展，推进两岸统一具有重要意义。 　　《台湾百科全书》副主编、历史卷主编，中国社会科学院学部委员、中国社会科学院台湾史研究中心原副理事长兼主任张海鹏介绍，在纪念中国人民抗日战争胜利暨台湾光复80周年之际，该书的出版具有特殊意义。他强调，该书的编纂严格遵循一个中国原则，依据学术界共识，以辞条形式客观呈现了台湾历史的基本面貌。这部工具书既体现了学术研究的严谨性，又贯彻了党和国家关于台湾问题的总体方略，为两岸读者提供了一部权威、严肃的历史读本。 　　中国社会科学院台湾研究所研究员，《台湾研究》杂志社总编辑、主编刘佳雁说，该书坚持以历史唯物主义和辩证唯物主义为指导，从历史层面系统深入论证了“台湾是中国领土不可分割的一部分”这一坚实结论。辞条设计合理准确、史料翔实可信、叙述严谨客观、结论全面周延，填补了海峡两岸历史文化工具书领域的空白。该书的出版，对国际社会理解中国国家统一正义事业、涉台话语体系建设、推动两岸关系发展均具有重要的学术价值和现实意义。 　　南京大学台湾研究所所长、厦门大学台湾研究中心学术委员刘相平说，该书系统梳理了从古代到光复以来的台湾历史发展进程，时序清晰、条目齐备、内容涵盖面广、资料考订严谨、语言简明通达，兼具学术性与可读性。该书的出版，丰富了中国历史研究与中国台湾史研究领域的学术宝库，为海内外中华儿女塑造正确的台湾历史认知提供了权威依据，对于破除“台独”史观、反制“文化台独”具有积极的现实意义。 　　中国大百科全书出版社社长高世屹阐述了《台湾百科全书·历史》的编纂过程及内容特色。他表示，《台湾百科全书·历史》的问世具有多重深远意义，它是一部构建台湾历史知识体系的权威奠基之作，深刻印证了台湾与祖国大陆不可分割的历史脐带，承载着正本清源、反对“台独”史观的文化使命。他表示，下一步将以历史卷的出版为契机，创新传播方式，通过多种媒介，讲好台湾与祖国大陆不可分割的历史故事。同时，继续推进后续各卷的编纂与出版工作。
中国 台湾,82年前，《开罗宣言》划下“永不可逾越的历史红线”,2025-11-24 08:42:04,http://japan.people.com.cn/n1/2025/1124/c35421-40610041.html,新华社北京11月23日电　（记者 阚静文 熊茂伶 赵家淞）在埃及首都开罗西南的吉萨金字塔不远处，有一幢名为“米纳饭店”的历史建筑。1943年11月22日至26日，中国、美国和英国三国政府首脑在这里召开开罗会议，讨论对日作战问题，签署了《开罗宣言》。 　　《开罗宣言》于1943年12月1日正式发表，是世界反法西斯战争的重大成果，明确确认了中国对台湾的主权，为国际社会确立战后国际秩序奠定了重要基础。 　　本月21日和22日，中国外交部发言人连续两天在例行记者会上提及《开罗宣言》，批驳日本首相高市早苗的涉台错误言论以及扩军危险行径。 　　多国人士指出，高市一系列错误言行践踏《开罗宣言》等“永不可逾越的历史红线”，严重违背国际法和国际关系基本准则，挑战战后国际秩序，必将走向失败结局。 　　 　　《开罗宣言》明确规定，日本将窃取于中国的领土，包括台湾和澎湖列岛归还中国。1945年，中美英三国发表、苏联后来加入的《波茨坦公告》，重申“开罗宣言之条件必将实施”。同年9月，日本签署《日本投降条款》，承诺“忠诚履行波茨坦公告各项规定之义务”。 　　国际社会公认，这些具有国际法效力的文件为二战后中国收复被日本军国主义掠夺和窃取的领土提供了重要的国际法依据，也是战后国际秩序的重要组成部分。 　　比利时中国和平统一促进会会长朱海安说，《开罗宣言》和《波茨坦公告》明确规定日本将窃取的台湾和澎湖列岛等归还中国，台湾自古以来就是中国不可分割的一部分的事实不容置疑。 　　10月25日，参观者在中国人民抗日战争纪念馆参观《不屈的宝岛 丹心向祖国——台湾同胞抗日史实展》。新华社记者 张晨霖 摄 　　基于“台湾是中国领土不可分割的一部分”这一事实和前提，1971年，第26届联合国大会以压倒性多数通过第2758号决议，彰显了国际社会对坚持一个中国原则的郑重承诺。 　　英国亚太问题研究学者珍妮·克莱格指出，规定将台湾归还中国的《开罗宣言》等文件是构建战后和平秩序的重要基础。联大第2758号决议明确中华人民共和国政府是代表全中国的唯一合法政府。“谁无视这些历史，就意味着要损害国际社会维护世界和平秩序的努力。” 　　“《开罗宣言》等文件明确台湾是中国不可分割的一部分，这是永远不可逾越的历史红线。”委内瑞拉全代会委中议员友好小组副主席桑斯说。 　　 　　《开罗宣言》等一系列具有国际法效力的文件早已确认一个中国原则，但高市日前却公然声称“台湾有事可能对日本构成‘存亡危机事态’”，暗示日方可援引所谓“集体自卫权”武力介入台海局势。 　　11月21日，在日本东京的首相官邸外，民众举起标语参加抗议活动。新华社记者 贾浩成 摄 　　除规定日本窃取于中国的领土要归还中国外，《开罗宣言》《波茨坦公告》等国际法律文件还确认了日本战争行为的侵略性质，对日本作为战败国的义务作出明确规定，包括完全解除武装，不得维持能使其重新武装的产业。 　　然而，日本右翼政客近年来不断推动扩军备武，“切香肠”式推进军事松绑，架空日本和平宪法的“专守防卫”理念。高市上台后更是加快这一进程，甚至试图修改“防卫装备转移三原则”“无核三原则”等。 　　韩国韩中城市友好协会会长权起植说，高市错误言行“无视外交惯例、彻底违反国际法”，是“公然挑战战后国际秩序的极端政治操作”。 　　克莱格直言，高市的错误言行并非偶然，与其长期频繁参拜靖国神社以及加速日本军事化进程等动作密切相关。“日本从未真正面对其在战争中的反人类罪行，至今依然予以否认。” 　　塞内加尔官方媒体《太阳报》刊文说，高市错误言行无视国际法，带有严重挑衅意味，与历史事实和国际共识背道而驰。 　　 　　多国人士认为，高市的一系列错误言行挑衅国际正义、破坏战后国际秩序、践踏国际关系基本准则，后果严重、危害深重。如果日本想重走军国主义老路，最终只能以失败告终。 　　11月21日，在日本东京的首相官邸外，民众参加抗议活动。新华社记者 贾浩成 摄 　　美国国际问题专家、前驻白宫记者威廉·琼斯认为，高市错误言行是军国主义、扩张主义等危险倾向的回潮，危害战后世界繁荣与稳定。 　　高市错误言行及相关动向引发周边国家警惕和批评。韩国国会议长禹元植要求日本在历史、领土等问题上展现真诚反省和负责任态度；朝鲜媒体发文批评日本正在撕下“和平国家的面具”，暴露“战争国家的丑恶嘴脸”；俄罗斯外交部发言人扎哈罗娃批评高市至今不反省自身错误。 　　鉴于高市相关言行极其错误、极为危险、极具挑衅，中方向日方进行严正交涉，并出台一系列反制措施。 　　大量日本民众自发到首相官邸前抗议，要求高市撤回错误言论并道歉。日本不少政界人士、媒体和专家纷纷批评高市言行恶化中日关系，引发地区局势紧张，给日本“带来灾难”。日本经济界人士普遍担忧日中关系恶化，进一步冲击本已面临下行压力的日本经济。 　　琼斯指出，高市错误言行在曾遭受日本侵略的国家引发紧张和担忧，日本经济已因此受到冲击。日本战后靠贸易和发展实现繁荣，如今却牺牲这种繁荣去推行在本地区制造紧张甚至冲突的政策。这是“愚蠢行为”，高市应反省自身错误。 　　扎哈罗娃谴责日本公然挑战战后国际秩序。“高市如果了解历史，便会意识到，日本历史上的侵略行动均以失败告终。” 80秒看雪中武汉 幼儿自主能力大赛 黔江迎万亩雾凇 80岁奶奶学英语
中国 台湾,第28届京台科技论坛——京台人才发展论坛成功举办,2025-11-24 14:51:47,http://finance.people.com.cn/n1/2025/1124/c1004-40610503.html,11月23日，第28届京台科技论坛——京台人才发展论坛在清华大学成功举办。本届论坛以“智联两岸，青创未来”为主题，汇聚京台两地专家学者、企业高管、社会团体负责人和青年创业精英等150余人，聚焦人工智能领域青年人才发展议题展开深度交流，为推动两地青年人才共同创新、共赢未来建言献策。 　　清华大学常务副校长曾嵘，北京市人才工作局副局长、市科委中关村管委会副主任贺泳江出席开幕式并致辞。 　　曾嵘在致辞中指出，本届京台人才发展论坛首次在高校举办，生动诠释了教育、科技、人才三者深度融合的时代趋势，希望能以本次论坛为契机，深化两地在人工智能等高科技领域的人才合作，让更多两地青年在交流中增进了解、在合作中实现共赢，携手为推动科技进步贡献智慧和力量。 　　贺泳江在致辞中表示，京台人才发展论坛是两地交流合作的重要平台。长期以来，京台两地的科学家、企业家在科技合作、产业协同等方面积极作为，推动两地经贸合作不断深入发展。未来将继续创新推动两岸青年人才更多的互动合作，通过科技、人才、产业等领域的资源共享、优势互补，共同绘就京台两地融合发展美好画卷。 　　主旨演讲环节，两地知名专家学者带来前沿观点分享。中国科学院院士、清华大学高等研究院杨振宁讲座教授王小云围绕“密码技术与人工智能安全”，系统剖析AI时代密码安全领域面临的挑战与机遇，为两岸相关领域人才培养与技术攻关提供了重要指引。台湾大学土木工程学系教授李鸿源以“以参与式决策与职能提升”为题，立足全球气候治理的时代背景，以中国台湾地区水治理为例，阐述参与式决策在气候应对中的具体应用，为两岸在绿色科技、生态治理等领域的人才交流和务实合作开拓了思路。 　　主题演讲环节，清华大学集成电路学院院长尹首一、台达中国人资长吴育豪、清华大学国家服务外包人力资源研究院副院长毛居华、纳斯达克创新中心亚洲中心CEO陈淑敏分别以不同的主题，分享了人工智能产业发展与人才培养见解，为两岸人才协同发展提供了实践参考。 　　项目路演环节，来自京台两地的青年创业者代表分别展示了AI金融新基建、光刻胶技术应用、3D大模型、AI+健康等领域的创新成果，其中多位创业者为HICOOL2025全球创业大赛获奖者，充分展现了两地青年人才的创新创业活力。 　　圆桌对话环节，来自京台两地的专家学者、行业代表围绕“人工智能时代京台两地人才交流与合作”展开热议。嘉宾们从产业需求导向、人才培养体系、政策支持保障等维度进行深入探讨，为两地人才交流实现深度融合提供多角度建议。 　　论坛现场还举行了“两岸青年人才发展中心”筹备启动仪式。该中心对深化京台两地青年人才交流合作，为两地青年人才就业创业、学术交流、联合攻关、项目孵化等提供服务平台。 　　本届论坛由北京市人才工作局、清华大学两岸发展研究院共同主办，中关村上市公司协会、中华海峡两岸民间团体交流促进协会承办。 　　作为京台科技论坛的重要组成部分，京台人才发展论坛已成功举办十届，为两岸青年人才搭建了交流思想、分享成果的高端平台，通过学术研讨、项目路演、圆桌对话等多种形式，进一步深化了京台两地在科技人才发展领域的共识与合作，为两岸融合发展注入新的活力。
中国 台湾,国际观察丨82年前，《开罗宣言》划下“永不可逾越的历史红线”,2025-11-24 08:41:25,http://world.people.com.cn/n1/2025/1124/c1002-40610035.html,新华社北京11月23日电　 　　新华社记者阚静文 熊茂伶 赵家淞 　　在埃及首都开罗西南的吉萨金字塔不远处，有一幢名为“米纳饭店”的历史建筑。1943年11月22日至26日，中国、美国和英国三国政府首脑在这里召开开罗会议，讨论对日作战问题，签署了《开罗宣言》。 　　《开罗宣言》于1943年12月1日正式发表，是世界反法西斯战争的重大成果，明确确认了中国对台湾的主权，为国际社会确立战后国际秩序奠定了重要基础。 　　本月21日和22日，中国外交部发言人连续两天在例行记者会上提及《开罗宣言》，批驳日本首相高市早苗的涉台错误言论以及扩军危险行径。 　　多国人士指出，高市一系列错误言行践踏《开罗宣言》等“永不可逾越的历史红线”，严重违背国际法和国际关系基本准则，挑战战后国际秩序，必将走向失败结局。 　　 　　《开罗宣言》明确规定，日本将窃取于中国的领土，包括台湾和澎湖列岛归还中国。1945年，中美英三国发表、苏联后来加入的《波茨坦公告》，重申“开罗宣言之条件必将实施”。同年9月，日本签署《日本投降条款》，承诺“忠诚履行波茨坦公告各项规定之义务”。 　　国际社会公认，这些具有国际法效力的文件为二战后中国收复被日本军国主义掠夺和窃取的领土提供了重要的国际法依据，也是战后国际秩序的重要组成部分。 　　比利时中国和平统一促进会会长朱海安说，《开罗宣言》和《波茨坦公告》明确规定日本将窃取的台湾和澎湖列岛等归还中国，台湾自古以来就是中国不可分割的一部分的事实不容置疑。 　　基于“台湾是中国领土不可分割的一部分”这一事实和前提，1971年，第26届联合国大会以压倒性多数通过第2758号决议，彰显了国际社会对坚持一个中国原则的郑重承诺。 　　英国亚太问题研究学者珍妮·克莱格指出，规定将台湾归还中国的《开罗宣言》等文件是构建战后和平秩序的重要基础。联大第2758号决议明确中华人民共和国政府是代表全中国的唯一合法政府。“谁无视这些历史，就意味着要损害国际社会维护世界和平秩序的努力。” 　　“《开罗宣言》等文件明确台湾是中国不可分割的一部分，这是永远不可逾越的历史红线。”委内瑞拉全代会委中议员友好小组副主席桑斯说。 　　 　　《开罗宣言》等一系列具有国际法效力的文件早已确认一个中国原则，但高市日前却公然声称“台湾有事可能对日本构成‘存亡危机事态’”，暗示日方可援引所谓“集体自卫权”武力介入台海局势。 　　除规定日本窃取于中国的领土要归还中国外，《开罗宣言》《波茨坦公告》等国际法律文件还确认了日本战争行为的侵略性质，对日本作为战败国的义务作出明确规定，包括完全解除武装，不得维持能使其重新武装的产业。 　　然而，日本右翼政客近年来不断推动扩军备武，“切香肠”式推进军事松绑，架空日本和平宪法的“专守防卫”理念。高市上台后更是加快这一进程，甚至试图修改“防卫装备转移三原则”“无核三原则”等。 　　韩国韩中城市友好协会会长权起植说，高市错误言行“无视外交惯例、彻底违反国际法”，是“公然挑战战后国际秩序的极端政治操作”。 　　克莱格直言，高市的错误言行并非偶然，与其长期频繁参拜靖国神社以及加速日本军事化进程等动作密切相关。“日本从未真正面对其在战争中的反人类罪行，至今依然予以否认。” 　　塞内加尔官方媒体《太阳报》刊文说，高市错误言行无视国际法，带有严重挑衅意味，与历史事实和国际共识背道而驰。 　　 　　多国人士认为，高市的一系列错误言行挑衅国际正义、破坏战后国际秩序、践踏国际关系基本准则，后果严重、危害深重。如果日本想重走军国主义老路，最终只能以失败告终。 　　美国国际问题专家、前驻白宫记者威廉·琼斯认为，高市错误言行是军国主义、扩张主义等危险倾向的回潮，危害战后世界繁荣与稳定。 　　高市错误言行及相关动向引发周边国家警惕和批评。韩国国会议长禹元植要求日本在历史、领土等问题上展现真诚反省和负责任态度；朝鲜媒体发文批评日本正在撕下“和平国家的面具”，暴露“战争国家的丑恶嘴脸”；俄罗斯外交部发言人扎哈罗娃批评高市至今不反省自身错误。 　　鉴于高市相关言行极其错误、极为危险、极具挑衅，中方向日方进行严正交涉，并出台一系列反制措施。 　　大量日本民众自发到首相官邸前抗议，要求高市撤回错误言论并道歉。日本不少政界人士、媒体和专家纷纷批评高市言行恶化中日关系，引发地区局势紧张，给日本“带来灾难”。日本经济界人士普遍担忧日中关系恶化，进一步冲击本已面临下行压力的日本经济。 　　琼斯指出，高市错误言行在曾遭受日本侵略的国家引发紧张和担忧，日本经济已因此受到冲击。日本战后靠贸易和发展实现繁荣，如今却牺牲这种繁荣去推行在本地区制造紧张甚至冲突的政策。这是“愚蠢行为”，高市应反省自身错误。 　　扎哈罗娃谴责日本公然挑战战后国际秩序。“高市如果了解历史，便会意识到，日本历史上的侵略行动均以失败告终。”
中国 台湾,外交部回应日方将在与中国台湾邻近的西南诸岛部署进攻性武器：这一动向极其危险需要引起高度警惕,2025-11-24 15:33:12,http://world.people.com.cn/n1/2025/1124/c1002-40610530.html,新华社北京11月24日电（记者袁睿、刘杨）在回答日方将在与中国台湾邻近的西南诸岛部署进攻性武器的提问时，外交部发言人毛宁24日在例行记者会上表示，此举刻意制造地区紧张，挑动军事对立，联系到日本首相高市早苗的涉台错误言论，这一动向极其危险，需要引起周边国家及国际社会的高度警惕。中方绝不允许日本右翼势力开历史倒车，绝不允许外部势力染指中国台湾地区，绝不允许日本军国主义死灰复燃。中方有决心有能力捍卫国家领土主权。
中国 台湾,动向极其危险，国际社会需高度警惕,2025-11-25 08:22:24,http://cpc.people.com.cn/n1/2025/1125/c64387-40610795.html,据新华社北京11月24日电  （记者袁睿、刘杨）外交部发言人毛宁24日在例行记者会上回答日方将在与中国台湾邻近的西南诸岛部署进攻性武器的提问时表示，此举刻意制造地区紧张、挑动军事对立。联系到日本首相高市早苗涉台错误言论，这一动向极其危险，需要引起周边国家及国际社会高度警惕。 　　毛宁说，《波茨坦公告》明确规定日本“禁止重新武装”，日本和平宪法也确立“专守防卫”原则。然而令人警惕的是，日本近年来大幅调整安保政策，逐年增加防卫预算，放宽武器出口限制，谋求发展进攻性武器，图谋放弃“无核三原则”。“日本右翼势力正在极力突破和平宪法的束缚，在穷兵黩武的道路上越走越远，把日本和地区引向灾祸。” 　　毛宁表示，今年是中国人民抗日战争胜利80周年，也是台湾光复80周年。中方绝不允许日本右翼势力开历史倒车，绝不允许外部势力染指中国台湾地区，绝不允许日本军国主义死灰复燃。中方有决心、有能力捍卫国家领土主权。
中国 台湾,外交部回应日方将在与中国台湾邻近的西南诸岛部署进攻性武器：这一动向极其危险需要引起高度警惕,2025-11-25 08:34:35,http://japan.people.com.cn/n1/2025/1125/c35421-40610875.html,新华社北京11月24日电（记者袁睿、刘杨）在回答日方将在与中国台湾邻近的西南诸岛部署进攻性武器的提问时，外交部发言人毛宁24日在例行记者会上表示，此举刻意制造地区紧张，挑动军事对立，联系到日本首相高市早苗的涉台错误言论，这一动向极其危险，需要引起周边国家及国际社会的高度警惕。中方绝不允许日本右翼势力开历史倒车，绝不允许外部势力染指中国台湾地区，绝不允许日本军国主义死灰复燃。中方有决心有能力捍卫国家领土主权。 80秒看雪中武汉 幼儿自主能力大赛 黔江迎万亩雾凇 80岁奶奶学英语
中国 台湾,动向极其危险，国际社会需高度警惕,2025-11-25 08:57:30,http://gd.people.com.cn/n2/2025/1125/c123932-41421811.html,据新华社北京11月24日电 （记者袁睿、刘杨）外交部发言人毛宁24日在例行记者会上回答日方将在与中国台湾邻近的西南诸岛部署进攻性武器的提问时表示，此举刻意制造地区紧张、挑动军事对立。联系到日本首相高市早苗涉台错误言论，这一动向极其危险，需要引起周边国家及国际社会高度警惕。 毛宁说，《波茨坦公告》明确规定日本“禁止重新武装”，日本和平宪法也确立“专守防卫”原则。然而令人警惕的是，日本近年来大幅调整安保政策，逐年增加防卫预算，放宽武器出口限制，谋求发展进攻性武器，图谋放弃“无核三原则”。“日本右翼势力正在极力突破和平宪法的束缚，在穷兵黩武的道路上越走越远，把日本和地区引向灾祸。” 毛宁表示，今年是中国人民抗日战争胜利80周年，也是台湾光复80周年。中方绝不允许日本右翼势力开历史倒车，绝不允许外部势力染指中国台湾地区，绝不允许日本军国主义死灰复燃。中方有决心、有能力捍卫国家领土主权。
中国 台湾,外交部回应日方将在与中国台湾邻近的西南诸岛部署进攻性武器：动向极其危险，国际社会需高度警惕,2025-11-24 20:54:21,http://world.people.com.cn/n1/2025/1124/c1002-40610633.html,新华社北京11月24日电（记者袁睿、刘杨）外交部发言人毛宁24日在例行记者会上回答日方将在与中国台湾邻近的西南诸岛部署进攻性武器的提问时表示，此举刻意制造地区紧张、挑动军事对立。联系到日本首相高市早苗涉台错误言论，这一动向极其危险，需要引起周边国家及国际社会高度警惕。 　　毛宁说，《波茨坦公告》明确规定日本“禁止重新武装”，日本和平宪法也确立“专守防卫”原则。然而令人警惕的是，日本近年来大幅调整安保政策，逐年增加防卫预算，放宽武器出口限制，谋求发展进攻性武器，图谋放弃“无核三原则”。“日本右翼势力正在极力突破和平宪法的束缚，在穷兵黩武的道路上越走越远，把日本和地区引向灾祸。” 　　毛宁表示，今年是中国人民抗日战争胜利80周年，也是台湾光复80周年。中方决不允许日本右翼势力开历史倒车，决不允许外部势力染指中国台湾地区，决不允许日本军国主义死灰复燃。中方有决心、有能力捍卫国家领土主权。
中国 台湾,动向极其危险，国际社会需高度警惕,2025-11-25 06:04:40,http://world.people.com.cn/n1/2025/1125/c1002-40610659.html,据新华社北京11月24日电  （记者袁睿、刘杨）外交部发言人毛宁24日在例行记者会上回答日方将在与中国台湾邻近的西南诸岛部署进攻性武器的提问时表示，此举刻意制造地区紧张、挑动军事对立。联系到日本首相高市早苗涉台错误言论，这一动向极其危险，需要引起周边国家及国际社会高度警惕。 　　毛宁说，《波茨坦公告》明确规定日本“禁止重新武装”，日本和平宪法也确立“专守防卫”原则。然而令人警惕的是，日本近年来大幅调整安保政策，逐年增加防卫预算，放宽武器出口限制，谋求发展进攻性武器，图谋放弃“无核三原则”。“日本右翼势力正在极力突破和平宪法的束缚，在穷兵黩武的道路上越走越远，把日本和地区引向灾祸。” 　　毛宁表示，今年是中国人民抗日战争胜利80周年，也是台湾光复80周年。中方绝不允许日本右翼势力开历史倒车，绝不允许外部势力染指中国台湾地区，绝不允许日本军国主义死灰复燃。中方有决心、有能力捍卫国家领土主权。
中国 台湾,外交部回应日方将在与中国台湾邻近的西南诸岛部署进攻性武器：这一动向极其危险需要引起高度警惕,2025-11-25 09:01:05,http://tw.people.com.cn/n1/2025/1125/c14657-40611007.html,新华社北京11月24日电（记者袁睿、刘杨）在回答日方将在与中国台湾邻近的西南诸岛部署进攻性武器的提问时，外交部发言人毛宁24日在例行记者会上表示，此举刻意制造地区紧张，挑动军事对立，联系到日本首相高市早苗的涉台错误言论，这一动向极其危险，需要引起周边国家及国际社会的高度警惕。中方绝不允许日本右翼势力开历史倒车，绝不允许外部势力染指中国台湾地区，绝不允许日本军国主义死灰复燃。中方有决心有能力捍卫国家领土主权。
中国 台湾,外交部：世界上只有一个中国，这是铁的事实,2025-11-25 20:04:56,http://world.people.com.cn/n1/2025/1125/c1002-40611406.html,新华社北京11月25日电（记者刘杨、冯歆然）外交部发言人毛宁25日表示，世界上只有一个中国，台湾是中国领土不可分割的一部分，这是铁的事实，不容歪曲篡改。 　　当日例行记者会上，有记者问：日本首相高市早苗发表涉台错误言论，激起中国人民愤慨。而日本国内有人声称，接受日本投降的是中华民国而不是中华人民共和国，所以中华人民共和国没资格讨论台湾问题。发言人对此有何评论？ 　　“发表这种言论的人，要么是对历史无知，要么是刻意歪曲历史，无视国际法。”毛宁说。 　　毛宁表示，1945年，日本签署投降书，明确承诺忠实履行《波茨坦公告》，无条件将台湾归还中国。中国恢复对台湾行使主权，从法律和事实上收复了台湾。1949年中华人民共和国政府取代中华民国政府，这是在中国国际法主体没有发生变化情况下的政权更替，中国的主权和固有领土疆域没有改变。中华人民共和国政府理所当然完全享有和行使中国的主权，包括对台湾的主权。1972年《中日联合声明》明确，日本国政府承认中华人民共和国政府是中国的唯一合法政府。 　　“世界上只有一个中国，台湾是中国领土不可分割的一部分。这是铁的事实，不容歪曲篡改。”她说。
中国 台湾,恪守“和平宪法”，日本才有立世之本（钟声）,2025-11-26 08:23:22,http://cpc.people.com.cn/n1/2025/1126/c64387-40611581.html,作为二战战败国，日本正在试图挣脱国际法束缚，其以和平主义存世的立身之本正在发生动摇。一切主张正义的国家和人民，都有责任坚决阻止日本军国主义死灰复燃 　　 　　在日本首相高市早苗涉台错误言论引发国内外强烈批评之际，日本又做出一系列危险举动，包括自2023年放宽武器出口限制后首次出口杀伤性武器、自民党启动讨论修订“安保三文件”、将在与中国台湾邻近的西南诸岛部署进攻性武器等，进一步暴露日方背离战后国际秩序的政治企图。作为二战战败国，日本上述举动是对国际法义务的公然背弃，是对国际社会共同认定的战后秩序的严重挑战，将对亚洲乃至世界和平稳定造成严重威胁。 　　“欺骗及错误领导日本人民使其妄欲征服世界者之权威及势力必须永久铲除，盖吾人坚持非将负责之穷兵黩武主义驱出世界，则和平安全及正义之新秩序势不可能建立。”80年前，《波茨坦公告》明确，必须毫不留情铲除日本军国主义及其土壤，从政治上限制日本战争权，从思想上消除日本战争根源，才能建立和平、安全与正义的新秩序。 　　《联合国宪章》、《波茨坦公告》、日本投降书等一系列国际文件，对日本作为战败国的义务作出明确规定。《联合国宪章》规定的“集体自卫权”是为维护国际社会集体安全、防止法西斯势力复活而创设的权利，日本被限制行使这一权利。《波茨坦公告》要求日本完全解除武装，不得维持能使其重新武装的产业。宣告日本军国主义彻底失败的日本投降书承诺“忠诚履行波茨坦公告各项规定之义务”。这些具有国际法效力的文件明确了日本作为战败国应承担的国际义务，构成战后国际秩序的重要基石，也是日本重返国际社会的政治前提和法律前提。 　　中日四个政治文件和日本宪法第九条，更是日本对和平发展道路作出的重要承诺。日本在《中日联合声明》中明确表示对过去战争行为的深刻反省，承诺通过和平手段解决争端。日本宪法确立的“专守防卫”原则，是日本战后坚持走和平发展道路的重要保障。这是日本向本国人民、中国人民、世界人民作出的郑重承诺，具有不可动摇的严肃性和约束力，不容丝毫模糊和倒退。 　　国无信无以立世。令人警惕的是，日本右翼势力近年来频频挑战这些基本原则。从鼓吹武力介入台海，到讨论放弃“无核三原则”，从试图修改宪法第九条，到谋求“对敌基地攻击能力”，这一系列动向表明日本正在背离其战后长期坚持的和平发展道路。这些行为不仅违背国际法，更与日本自身的宪法规定和政治承诺相抵触。种种迹象表明，日本正在试图挣脱《波茨坦公告》和日本投降书的束缚，军国主义正在日本死灰复燃，日本战后以和平主义存世的立身之本正在发生动摇。 　　国际社会对此已有明确反应。马来西亚学者批评日本领导人对二战历史的错误认知；俄罗斯外交部在社交媒体上发布日本投降视频，提醒日本应汲取历史教训，恪守日本宪法中仍然有效的和平主义条款；日本国内民众和媒体也发出理性声音。日本民众在首相官邸前集会表达抗议，“要求高市首相撤回错误言论”。日本《东京新闻》社论指出，任何短视的政权出于一己之念而试图修改“无核三原则”，都是不可接受的。这些理性声音是对日本右翼势力的警示，也是为了捍卫国际法和国际秩序。 　　历史警示我们，任何国家若不能正确对待历史，就难以把握未来。历史悲剧决不能重演。日本只有汲取历史教训，恪守国际法和本国“和平宪法”，以实际行动取信于亚洲邻国和国际社会，才是对自己负责、对世界负责。国际社会有权利，也有责任共同维护以国际法为基础的国际秩序，确保战后和平成果得到切实尊重。日方若一意孤行、一错再错，一切主张正义的国家和人民，都有权利对日本的历史罪行进行再清算，都有责任坚决阻止日本军国主义死灰复燃。
中国 台湾,外交部：世界上只有一个中国，这是铁的事实,2025-11-26 08:29:10,http://japan.people.com.cn/n1/2025/1126/c35421-40611630.html,新华社北京11月25日电（记者刘杨、冯歆然）外交部发言人毛宁25日表示，世界上只有一个中国，台湾是中国领土不可分割的一部分，这是铁的事实，不容歪曲篡改。 　　当日例行记者会上，有记者问：日本首相高市早苗发表涉台错误言论，激起中国人民愤慨。而日本国内有人声称，接受日本投降的是中华民国而不是中华人民共和国，所以中华人民共和国没资格讨论台湾问题。发言人对此有何评论？ 　　“发表这种言论的人，要么是对历史无知，要么是刻意歪曲历史，无视国际法。”毛宁说。 　　毛宁表示，1945年，日本签署投降书，明确承诺忠实履行《波茨坦公告》，无条件将台湾归还中国。中国恢复对台湾行使主权，从法律和事实上收复了台湾。1949年中华人民共和国政府取代中华民国政府，这是在中国国际法主体没有发生变化情况下的政权更替，中国的主权和固有领土疆域没有改变。中华人民共和国政府理所当然完全享有和行使中国的主权，包括对台湾的主权。1972年《中日联合声明》明确，日本国政府承认中华人民共和国政府是中国的唯一合法政府。 　　“世界上只有一个中国，台湾是中国领土不可分割的一部分。这是铁的事实，不容歪曲篡改。”她说。 80秒看雪中武汉 幼儿自主能力大赛 黔江迎万亩雾凇 80岁奶奶学英语
中国 台湾,“高市早苗的言行是亵渎历史正义”（国际视点）,2025-11-26 08:38:30,http://jl.people.com.cn/n2/2025/1126/c349771-41422983.html,不久前，日本首相高市早苗公然妄称“台湾有事”可能构成日本“存亡危机事态”，暗示武力介入台湾问题可能性。高市早苗的错误言行严重违反国际法和国际关系基本准则，严重破坏战后国际秩序，持续遭到日本国内人士、周边国家及国际人士的反对和批评。 　　“在外交上毫无益处，有百害而无一利” 　　11月21日晚，约1700名当地民众在日本首相官邸前举行抗议活动。民众高喊“停止煽动战争”“立即撤回发言”等口号，要求高市早苗撤回涉台错误言论，呼吁不要“让日本陷入危险”。 　　日本前首相鸠山由纪夫11月20日再次在社交媒体发文批评高市早苗错误言论。他表示，“日中关系陷入最恶劣的境地，日本国家利益正遭受难以估量的损失。”鸠山由纪夫引用《论语》“过则勿惮改”“过而不改，是谓过矣”的名句，要求高市早苗尽快纠正错误言论。 　　日本社会民主党党首福岛瑞穗在社交媒体上发文表示，高市早苗相关言论是重大问题，既违宪又违法，甚至远远超越了迄今为止日本政府的立场。日本前外务审议官田中均在电视节目中表示，高市早苗的错误言论“在外交上毫无益处，有百害而无一利”。 　　日本中国友好协会会长井上久士发表公开声明，抗议高市早苗涉台错误言论并要求其立即撤回。声明指出，台湾问题是中国的内政问题，所谓“日本存亡危机事态”的发言本身就是对中国内政的粗暴干涉，违背日本政府在1972年《日中联合声明》中承诺的一个中国原则立场。高市早苗的言论导致日中关系局势陡然紧张，是“将日本拖入战争的危险发言”。 　　日本公益社团法人日中友协会长宇都宫德一郎发表公开声明说，当今世界局势激荡不安，需要稳定的日中友好关系，而高市早苗却在国会发表错误言论。“我们对此深感忧虑，它必将严重损害日中关系。我们强烈要求日本政府根据日中四个政治文件精神，采取有效措施改善当前局面。” 　　“无核三原则”是日本的国策 　　高市早苗上任以来，日本政府在强军扩武方面动作频频：大幅增加防卫费，提前两年实现防卫费占国内生产总值2%的目标；着手推进修改《国家安全保障战略》等“安保三文件”；暗示研发核动力潜艇……据日本共同社报道，根据高市早苗的指示，日本自民党11月20日召开关于修改《国家安全保障战略》等“安保三文件”的首次会议，启动安保战略修订程序。其中，讨论修改不拥有、不制造、不引进核武器的“无核三原则”成为舆论关注焦点之一。 　　日本原子弹氢弹受害者团体协议会就高市早苗企图修改“无核三原则”发表公开声明，强调这将颠覆迄今为止日本政府的立场，对政府开启有关修改“无核三原则”的讨论表达强烈抗议，要求日本政府坚持“无核三原则”并将其法制化。 　　日本前首相岸田文雄日前在接受采访时强调，从担任首相时起，他就已明确表示将延续历届政府立场，继续把“无核三原则”作为国策，自己在这一问题上的态度从未改变。 　　日本前首相野田佳彦接受长崎县媒体采访时指出，“无核三原则”是日本的国策。他直言，目前“对高市内阁感到不安的民众正在增多”，“今后将在各种场合继续向政府强烈主张坚持‘无核三原则’”。 　　日本共产党委员长田村智子11月20日在日本国会对记者表示，“安保三文件”修订涉及“无核三原则”是极其危险的，我们对此坚决反对。 　　据日本《每日新闻》报道，日本熊本市市长大西一史11月21日在记者会上表示，“‘无核三原则’是日本作为国策的极其重要的原则，不应轻率修改。” 　　“不得不让人担忧日本是否想重蹈覆辙” 　　今年是中国人民抗日战争暨世界反法西斯战争胜利80周年，也是台湾光复80周年。在这样一个特殊年份，高市早苗的错误言行遭到地区国家及国际人士的强烈反对，他们纷纷表示相关言行严重挑战战后国际秩序，是对地区和平稳定的极大威胁。 　　俄罗斯外交部发言人扎哈罗娃11月20日再次谴责高市早苗近期有关台海局势的严重挑衅言论。扎哈罗娃评论说：“日方不仅不反省其近期言论的错误，而且在80年后的今天仍然拒不承认第二次世界大战的结果。” 　　韩国韩中城市友好协会会长权起植说：“高市早苗的言行是亵渎历史正义、重新包装军国主义，其真正意图是要为日本未来军事扩张铺路，其相关政治操作必将遭到地区国家的反对。” 　　越南越中友协执行委员会常务委员阮明环表示，《开罗宣言》和《波茨坦公告》等文件都明确确认中国对台湾的主权，日本在1972年宣布承认一个中国原则。高市早苗最近的言论违背了这一原则。如果日本不能正确面对其二战期间的侵略历史，就会不断滋长历史修正主义。虽然日本右翼势力极力为日本战争罪责开脱，但历史真相不容歪曲。 　　印度尼西亚塔拉研究所国际问题专家克里斯蒂娜·蒂欣指出，高市早苗意图修改“无核三原则”的动向令人担忧。无论她是拒绝重申“无核三原则”还是故意模糊相关内容，都将削弱地区国家对日本的信任。 　　塞尔维亚国际政治经济研究所副所长拉杰瓦茨对媒体表示，高市早苗涉台错误言论是对中国内政的粗暴干涉，令人无法接受。因为世界上只有一个中国，台湾是中国的一部分，“这样的言行不得不让人担忧日本是否想重蹈覆辙，是否会以主动挑衅的方式破坏亚太地区的稳定。” 　　美国罗伯特·莫里斯大学副教授安东尼·莫雷蒂表示，作为日本首相，高市早苗公开质疑国际社会广泛承认的一个中国原则，这是极其危险的。莫雷蒂表示，高市早苗应以负责任态度对待这一问题，明确道歉并纠正错误。台湾问题是中国人自己的事，只能由中国人自己解决，不容日本介入。
中国 台湾,钟声：恪守“和平宪法”，日本才有立世之本,2025-11-26 09:05:08,http://gd.people.com.cn/n2/2025/1126/c123932-41423125.html,作为二战战败国，日本正在试图挣脱国际法束缚，其以和平主义存世的立身之本正在发生动摇。一切主张正义的国家和人民，都有责任坚决阻止日本军国主义死灰复燃 在日本首相高市早苗涉台错误言论引发国内外强烈批评之际，日本又做出一系列危险举动，包括自2023年放宽武器出口限制后首次出口杀伤性武器、自民党启动讨论修订“安保三文件”、将在与中国台湾邻近的西南诸岛部署进攻性武器等，进一步暴露日方背离战后国际秩序的政治企图。作为二战战败国，日本上述举动是对国际法义务的公然背弃，是对国际社会共同认定的战后秩序的严重挑战，将对亚洲乃至世界和平稳定造成严重威胁。 “欺骗及错误领导日本人民使其妄欲征服世界者之权威及势力必须永久铲除，盖吾人坚持非将负责之穷兵黩武主义驱出世界，则和平安全及正义之新秩序势不可能建立。”80年前，《波茨坦公告》明确，必须毫不留情铲除日本军国主义及其土壤，从政治上限制日本战争权，从思想上消除日本战争根源，才能建立和平、安全与正义的新秩序。 《联合国宪章》、《波茨坦公告》、日本投降书等一系列国际文件，对日本作为战败国的义务作出明确规定。《联合国宪章》规定的“集体自卫权”是为维护国际社会集体安全、防止法西斯势力复活而创设的权利，日本被限制行使这一权利。《波茨坦公告》要求日本完全解除武装，不得维持能使其重新武装的产业。宣告日本军国主义彻底失败的日本投降书承诺“忠诚履行波茨坦公告各项规定之义务”。这些具有国际法效力的文件明确了日本作为战败国应承担的国际义务，构成战后国际秩序的重要基石，也是日本重返国际社会的政治前提和法律前提。 中日四个政治文件和日本宪法第九条，更是日本对和平发展道路作出的重要承诺。日本在《中日联合声明》中明确表示对过去战争行为的深刻反省，承诺通过和平手段解决争端。日本宪法确立的“专守防卫”原则，是日本战后坚持走和平发展道路的重要保障。这是日本向本国人民、中国人民、世界人民作出的郑重承诺，具有不可动摇的严肃性和约束力，不容丝毫模糊和倒退。 国无信无以立世。令人警惕的是，日本右翼势力近年来频频挑战这些基本原则。从鼓吹武力介入台海，到讨论放弃“无核三原则”，从试图修改宪法第九条，到谋求“对敌基地攻击能力”，这一系列动向表明日本正在背离其战后长期坚持的和平发展道路。这些行为不仅违背国际法，更与日本自身的宪法规定和政治承诺相抵触。种种迹象表明，日本正在试图挣脱《波茨坦公告》和日本投降书的束缚，军国主义正在日本死灰复燃，日本战后以和平主义存世的立身之本正在发生动摇。 国际社会对此已有明确反应。马来西亚学者批评日本领导人对二战历史的错误认知；俄罗斯外交部在社交媒体上发布日本投降视频，提醒日本应汲取历史教训，恪守日本宪法中仍然有效的和平主义条款；日本国内民众和媒体也发出理性声音。日本民众在首相官邸前集会表达抗议，“要求高市首相撤回错误言论”。日本《东京新闻》社论指出，任何短视的政权出于一己之念而试图修改“无核三原则”，都是不可接受的。这些理性声音是对日本右翼势力的警示，也是为了捍卫国际法和国际秩序。 历史警示我们，任何国家若不能正确对待历史，就难以把握未来。历史悲剧决不能重演。日本只有汲取历史教训，恪守国际法和本国“和平宪法”，以实际行动取信于亚洲邻国和国际社会，才是对自己负责、对世界负责。国际社会有权利，也有责任共同维护以国际法为基础的国际秩序，确保战后和平成果得到切实尊重。日方若一意孤行、一错再错，一切主张正义的国家和人民，都有权利对日本的历史罪行进行再清算，都有责任坚决阻止日本军国主义死灰复燃。
